week_number,year,week,revenue,quantity,month,month_revenue,150_r,50_r,500_r,150_q,50_q,500_q,distribution,prescribes,disease_rate,price_index,generics_avg,generics_brands,total_video_rating,total_video_money,total_video_coverage_5,digital_money,radio_money,radio_times,wordstat,timestamp,competitors_rating,competitors_coverage,competitors_money,competitors_digital,competitors_total,competitors_tv_reg
0,2019,1,41535567.338999964,114621.15000000001,12,0.0,0.0,0.0,0.0,0.0,0.0,0.0,0.9210697674418645,99698.59543269231,508956.0,1.5413203366010262,0.0,0.0,0.0,0.0,0.0,1057612.5,0.0,0.0,76854.75,1546214400,986.75427305385,70.8225,0.0,3260939.0625,37413063.79040323,12576576.94548387
1,2019,2,51222286.227000006,141523.2,1,0.0,0.0,0.0,0.0,0.0,0.0,0.0,0.9210697674418645,99698.59543269231,804825.0,1.5413203366010262,0.0,0.0,7.2956247,5728287.707303227,0.0,844452.0,0.0,0.0,89113.5,1546819200,946.7816674470002,74.256,0.0,3958258.5,43802404.0158871,14672673.103064518
2,2019,3,57127348.90799998,157926.30000000002,1,0.0,0.0,0.0,0.0,0.0,0.0,0.0,0.9210697674418645,99698.59543269231,993384.0,1.5413203366010262,0.0,0.0,404.32405524000006,6683002.325187098,32.802,1235682.0,0.0,0.0,96066.6,1547424000,720.02357413245,50.504999999999995,0.0,2183139.0,48064228.75766129,14672673.103064518
3,2019,4,63040990.93950002,173746.65,1,0.0,0.0,0.0,0.0,0.0,0.0,0.0,0.9210697674418645,99698.59543269231,1186542.0,1.5413203366010262,0.0,0.0,310.83986745,6683002.325187098,25.557000000000002,538272.0,0.0,0.0,99189.3,1548028800,473.03327839215007,30.6915,0.0,1394725.5,35201926.77411291,14672673.103064518
4,2019,5,67336888.86750002,185551.80000000002,1,0.0,0.0,0.0,0.0,0.0,0.0,0.0,0.9210697674418645,99698.59543269231,1454817.0,1.5413203366010262,0.0,0.0,319.54648485900003,6683002.325187098,26.785500000000003,0.0,0.0,0.0,108418.8,1548633600,962.5706391650999,76.755,0.0,1664995.5,53939709.21156049,15884684.401572581
5,2019,6,70424479.9545,193607.4,2,0.0,0.0,0.0,0.0,0.0,0.0,0.0,0.9098372093023297,99698.59543269231,1500807.0,1.5413203366010262,0.0,0.0,848.9115248775,11519333.269635485,53.6655,0.0,0.0,0.0,129483.90000000001,1549238400,1018.56412383705,76.4715,0.0,687067.5,69535872.139125,17500699.466249995
6,2019,7,68621184.93300007,188331.15,2,0.0,0.0,0.0,0.0,0.0,0.0,0.0,0.9098372093023297,99698.59543269231,1468614.0,1.5413203366010262,0.0,0.0,469.18086488700004,17967774.528900005,34.7025,63000.0,0.0,0.0,109235.70000000001,1549843200,1106.8732786807502,81.36449999999999,0.0,1555223.25,70404027.889125,17500699.466249995
7,2019,8,61742982.70350003,169383.9,2,0.0,0.0,0.0,0.0,0.0,0.0,0.0,0.9098372093023297,99698.59543269231,1315314.0,1.5413203366010262,0.0,0.0,358.87127476620003,17967774.528900005,28.276500000000002,136426.5,0.0,0.0,102687.90000000001,1550448000,943.23658269855,67.137,0.0,3636192.0,92730937.07759275,17500699.466249995
8,2019,9,61669241.686500005,170056.95,2,0.0,0.0,0.0,0.0,0.0,0.0,0.0,0.9098372093023297,99698.59543269231,1266258.0,1.5413203366010262,0.0,0.0,350.35830103680007,17967774.528900005,28.738500000000002,42000.0,0.0,0.0,99621.90000000001,1551052800,505.95393710610006,40.456500000000005,0.0,2714423.25,40346575.984016135,19167029.718870968
9,2019,10,54711731.21400006,149804.55000000002,3,0.0,0.0,0.0,0.0,0.0,0.0,0.0,0.876139534883725,99698.59543269231,1013313.0,1.5239395916876275,0.0,0.0,373.64199923190006,16611117.891154839,31.332,0.0,0.0,0.0,87930.15000000001,1551657600,771.4450797952499,59.934,0.0,0.0,43728104.21395162,21388803.38903226
10,2019,11,60370834.18800002,165438.0,3,0.0,0.0,0.0,0.0,0.0,0.0,0.0,0.876139534883725,99698.59543269231,1093029.0,1.5239395916876275,0.0,0.0,408.23867164499995,14802242.374161288,34.30350000000001,0.0,0.0,0.0,97121.85,1552262400,848.5399213231501,66.6645,0.0,0.0,43584816.314854845,21388803.38903226
11,2019,12,57711047.93999998,158080.65,3,0.0,0.0,0.0,0.0,0.0,0.0,0.0,0.876139534883725,99698.59543269231,1002582.0,1.5239395916876275,0.0,0.0,346.31905255080005,14802242.374161288,27.4365,0.0,0.0,0.0,91487.55,1552867200,593.52240433815,40.845,0.0,0.0,43584816.314854845,21388803.38903226
12,2019,13,54984651.26700004,150174.15,3,0.0,0.0,0.0,0.0,0.0,0.0,0.0,0.876139534883725,99698.59543269231,881475.0,1.5239395916876275,0.0,0.0,468.5516987340002,14802242.374161288,35.910000000000004,0.0,0.0,0.0,91848.75,1553472000,513.6298407198,34.7445,0.0,0.0,43584816.314854845,21388803.38903226
13,2019,14,53957100.97050005,147819.0,4,0.0,0.0,0.0,0.0,0.0,0.0,0.0,0.9884651162790743,99698.59543269231,827820.0,1.510945557962319,0.0,0.0,415.8343768319999,14802242.374161288,33.4005,0.0,0.0,0.0,89722.5,1554076800,264.46679335860006,18.994500000000002,0.0,458062.5,17136254.345349994,12364818.943749998
14,2019,15,54465673.57350004,150299.1,4,0.0,0.0,0.0,0.0,0.0,0.0,0.0,0.9884651162790743,99698.59543269231,804825.0,1.510945557962319,0.0,0.0,331.059209481,20072404.03434,27.006,0.0,0.0,0.0,96514.95,1554681600,205.08853870890005,11.634,0.0,577500.0,24038451.806949995,12364818.943749998
15,2019,16,56102193.06300003,154329.0,4,0.0,0.0,0.0,0.0,0.0,0.0,0.0,0.9884651162790743,99698.59543269231,798693.0,1.510945557962319,0.0,0.0,313.51237805999995,20072404.03434,25.179000000000002,0.0,0.0,0.0,83100.15000000001,1555286400,97.5082154277,5.418,0.0,641812.5,14352546.862149995,12364818.943749998
16,2019,17,53522514.769499965,147155.4,4,0.0,0.0,0.0,0.0,0.0,0.0,0.0,0.9884651162790743,99698.59543269231,758835.0,1.510945557962319,0.0,0.0,261.33163028700005,20072404.03434,20.8425,0.0,0.0,0.0,78486.45,1555891200,83.78459612775,3.465,0.0,522375.0,14617656.624549996,12364818.943749998
17,2019,18,49595583.16650007,136479.0,4,0.0,0.0,0.0,0.0,0.0,0.0,0.0,0.9884651162790743,99698.59543269231,472164.0,1.510945557962319,0.0,0.0,141.688356243,25807376.61558004,10.153500000000001,0.0,0.0,0.0,70913.85,1556496000,0.0,0.0,0.0,84000.0,3616805.4124999996,3532805.4124999996
18,2019,19,42497605.752000004,117608.40000000001,5,0.0,0.0,0.0,0.0,0.0,0.0,0.0,0.9098372093023297,99698.59543269231,470631.0,1.5058823108517863,0.0,0.0,0.0,0.0,0.0,0.0,0.0,0.0,61869.15,1557100800,0.0,0.0,0.0,42000.0,42000.0,0.0
19,2019,20,45385737.547499985,125359.5,5,0.0,0.0,0.0,0.0,0.0,0.0,0.0,0.9098372093023297,99698.59543269231,530418.0,1.5058823108517863,0.0,0.0,0.0,0.0,0.0,0.0,0.0,0.0,66533.25,1557705600,0.0,0.0,0.0,42000.0,42000.0,0.0
20,2019,21,45787518.13649999,126229.95000000001,5,0.0,0.0,0.0,0.0,0.0,0.0,0.0,0.9098372093023297,99698.59543269231,513555.0,1.5058823108517863,0.0,0.0,0.0,0.0,0.0,0.0,0.0,0.0,60265.8,1558310400,0.0,0.0,0.0,42000.0,42000.0,0.0
21,2019,22,46130274.30899997,128097.90000000001,5,0.0,0.0,0.0,0.0,0.0,0.0,0.0,0.9098372093023297,99698.59543269231,499758.0,1.5058823108517863,0.0,0.0,0.0,0.0,0.0,0.0,0.0,0.0,60493.65,1558915200,0.0,0.0,0.0,84000.0,84000.0,0.0
22,2019,23,47373923.06849999,130891.95000000001,6,0.0,0.0,0.0,0.0,0.0,0.0,0.0,0.9210697674418645,99698.59543269231,453768.0,1.4996965587414905,0.0,0.0,0.0,0.0,0.0,85785.0,0.0,0.0,63819.0,1559520000,0.0,0.0,0.0,26250.0,26250.0,0.0
23,2019,24,47580378.55199999,131037.90000000001,6,0.0,0.0,0.0,0.0,0.0,0.0,0.0,0.9210697674418645,99698.59543269231,378651.0,1.4996965587414905,0.0,0.0,0.0,0.0,0.0,81585.0,0.0,0.0,65235.450000000004,1560124800,0.0,0.0,0.0,26250.0,26250.0,0.0
24,2019,25,46851319.504499994,130356.45000000001,6,0.0,0.0,0.0,0.0,0.0,0.0,0.0,0.9210697674418645,99698.59543269231,386316.0,1.4996965587414905,0.0,0.0,0.0,0.0,0.0,83685.0,0.0,0.0,62133.75,1560729600,0.0,0.0,0.0,39375.0,39375.0,0.0
25,2019,26,46248933.51749998,128493.75,6,0.0,0.0,0.0,0.0,0.0,0.0,0.0,0.9210697674418645,99698.59543269231,369817.3067733909,1.4996965587414905,0.0,0.0,0.0,0.0,0.0,165270.0,0.0,0.0,61081.65,1561334400,0.0,0.0,0.0,26250.0,26250.0,0.0
26,2019,27,45910321.065,126985.95000000001,7,0.0,0.0,0.0,0.0,0.0,0.0,0.0,0.9098372093023297,99698.59543269231,340610.67386987695,1.4722613247029654,0.0,0.0,0.0,0.0,0.0,184170.0,0.0,0.0,62498.100000000006,1561939200,0.0,0.0,15476.491935483871,42000.0,57476.49193548387,0.0
27,2019,28,46879679.70000002,129257.1,7,0.0,0.0,0.0,0.0,0.0,0.0,0.0,0.9098372093023297,99698.59543269231,344460.496212673,1.4722613247029654,0.0,0.0,0.0,0.0,0.0,184170.0,0.0,0.0,59412.15,1562544000,0.0,0.0,15476.491935483871,42000.0,57476.49193548387,0.0
28,2019,29,46447160.056499965,128016.0,7,0.0,0.0,0.0,0.0,0.0,0.0,0.0,0.9098372093023297,99698.59543269231,345463.67931758874,1.4722613247029654,0.0,0.0,0.0,0.0,0.0,265755.0,0.0,0.0,58057.65,1563148800,0.0,0.0,15476.491935483871,21000.0,36476.49193548387,0.0
29,2019,30,45545038.99050008,125102.25,7,0.0,0.0,0.0,0.0,0.0,0.0,0.0,0.9098372093023297,99698.59543269231,345643.73782359925,1.4722613247029654,0.0,0.0,0.0,0.0,0.0,307755.0,0.0,0.0,60467.4,1563753600,0.0,0.0,15476.491935483871,42000.0,57476.49193548387,0.0
30,2019,31,45828373.647000015,125644.05,7,0.0,0.0,0.0,0.0,0.0,0.0,0.0,0.9098372093023297,99698.59543269231,362660.6956773542,1.4722613247029654,0.0,0.0,0.0,0.0,0.0,109585.00140000001,0.0,0.0,58887.15,1564358400,0.0,0.0,6632.782258064516,13125.0,19757.782258064515,0.0
31,2019,32,46180807.48050001,127083.6,8,0.0,0.0,0.0,0.0,0.0,0.0,0.0,0.8986046511627948,99698.59543269231,368897.0077426705,1.4976964010993885,0.0,0.0,0.0,0.0,0.0,30100.0014,0.0,0.0,59395.350000000006,1564963200,0.0,0.0,0.0,26250.0,26250.0,0.0
32,2019,33,48863738.112000026,134755.95,8,0.0,0.0,0.0,0.0,0.0,0.0,0.0,0.8986046511627948,99698.59543269231,375504.8691061037,1.4976964010993885,0.0,0.0,0.0,0.0,0.0,2100.0,0.0,0.0,60403.350000000006,1565568000,0.0,0.0,0.0,26250.0,26250.0,0.0
33,2019,34,47269759.00499999,130580.1,8,0.0,0.0,0.0,0.0,0.0,0.0,0.0,0.8986046511627948,99698.59543269231,400613.02744423563,1.4976964010993885,0.0,0.0,0.0,0.0,0.0,12250.000350000002,0.0,0.0,61635.0,1566172800,359.16061548674986,29.841000000000005,0.0,26250.0,2455998.2241290295,0.0
34,2019,35,49555107.10500006,136179.75,8,0.0,0.0,0.0,0.0,0.0,0.0,0.0,0.8986046511627948,99698.59543269231,442892.47949841723,1.4976964010993885,0.0,0.0,0.0,0.0,0.0,0.0,0.0,0.0,61528.950000000004,1566777600,359.79818568907496,29.3685,0.0,26250.0,3781413.37171613,374428.78199999995
35,2019,36,51982737.99600003,142768.5,9,0.0,0.0,0.0,0.0,0.0,0.0,0.0,0.9210697674418645,99698.59543269231,525819.0,1.5351210825411346,0.0,0.0,0.0,0.0,0.0,0.0,0.0,0.0,62400.450000000004,1567382400,323.41243995269997,24.339000000000002,0.0,21000.0,25442078.48975484,2621001.4739999995
36,2019,37,68873074.65150003,189090.30000000002,9,0.0,0.0,0.0,0.0,0.0,0.0,0.0,0.9210697674418645,99698.59543269231,768033.0,1.5351210825411346,0.0,0.0,558.3933653550001,37868232.78671997,42.294000000000004,0.0,0.0,0.0,83314.35,1567987200,609.4813576634999,52.3005,0.0,21000.0,24903064.818799995,2621001.4739999995
37,2019,38,70505388.77550001,193647.30000000002,9,0.0,0.0,0.0,0.0,0.0,0.0,0.0,0.9210697674418645,99698.59543269231,996450.0,1.5351210825411346,0.0,0.0,588.4436398260001,18934116.39336,43.638000000000005,0.0,0.0,0.0,90272.7,1568592000,503.58277680900005,40.477500000000006,0.0,233625.0,22357094.051599994,2621001.4739999995
38,2019,39,65132318.19150002,178333.05000000002,9,0.0,0.0,0.0,0.0,0.0,0.0,0.0,0.9210697674418645,99698.59543269231,1014846.0,1.5351210825411346,0.0,0.0,475.41909406425003,19257843.23752258,38.545500000000004,0.0,0.0,0.0,88601.1,1569196800,373.02619223729994,25.998,0.0,481687.5,53211148.356450014,32407628.685250018
39,2019,40,60006025.81050006,165183.9,9,0.0,0.0,0.0,0.0,0.0,0.0,0.0,0.9210697674418645,99698.59543269231,979587.0,1.5351210825411346,0.0,0.0,401.2217961149999,20067160.347929034,34.072500000000005,0.0,0.0,0.0,82879.65000000001,1569801600,468.61146619140004,33.694500000000005,0.0,582389.0625,41824360.41432421,20855380.40583066
40,2019,41,59637796.270500004,164180.1,10,0.0,0.0,0.0,0.0,0.0,0.0,0.0,0.9323023255813995,99698.59543269231,916734.0,1.5053660875403676,0.0,0.0,468.3815618055001,20067160.347929034,38.944500000000005,0.0,0.0,0.0,83566.35,1570406400,306.97944978435004,21.262500000000003,0.0,1244151.5625,44890575.30367743,22696130.97217743
41,2019,42,57930762.3615,159722.85,10,0.0,0.0,0.0,0.0,0.0,0.0,0.0,0.9323023255813995,99698.59543269231,881475.0,1.5053660875403676,0.0,0.0,330.4558725509999,20067160.347929034,28.308000000000003,0.0,0.0,0.0,80339.7,1571011200,939.625944438825,77.7525,0.0,1756715.625,68476902.22529036,22696130.97217743
42,2019,43,55576825.00649996,152134.5,10,0.0,0.0,0.0,0.0,0.0,0.0,0.0,0.9323023255813995,99698.59543269231,866145.0,1.5053660875403676,0.0,0.0,273.9367995000001,20067160.347929034,21.808500000000002,0.0,0.0,0.0,77307.3,1571616000,685.35205241265,48.321000000000005,0.0,2965528.125,71441642.27109681,22696130.97217743
43,2019,44,52992172.274999976,145383.0,10,0.0,0.0,0.0,0.0,0.0,0.0,0.0,0.9323023255813995,99698.59543269231,806358.0,1.5053660875403676,0.0,0.0,366.36138454965,19575977.32196129,28.623,0.0,0.0,0.0,81662.7,1572220800,672.6236094905252,45.464999999999996,0.0,3276039.375,53049388.90450163,23085883.73513711
44,2019,45,50367878.20049999,138751.2,11,0.0,0.0,0.0,0.0,0.0,0.0,0.0,0.9323023255813995,99698.59543269231,764967.0,1.5000255368182722,0.0,0.0,454.58992071149993,19494113.484300002,38.27250000000001,0.0,0.0,0.0,76221.6,1572825600,946.3805621791499,70.52850000000001,0.0,1718075.625,69604773.6736484,23605554.085750006
45,2019,46,54698274.22499996,149410.80000000002,11,0.0,0.0,0.0,0.0,0.0,0.0,0.0,0.9323023255813995,99698.59543269231,855414.0,1.5000255368182722,0.0,0.0,388.40259276,19494113.484300002,32.550000000000004,0.0,0.0,0.0,77608.65000000001,1573430400,832.24062336555,63.57750000000001,0.0,3916513.125,60859929.6006484,23605554.085750006
46,2019,47,56055933.38099999,153491.1,11,0.0,0.0,0.0,0.0,0.0,0.0,0.0,0.9323023255813995,99698.59543269231,916734.0,1.5000255368182722,0.0,0.0,403.5641605695,19494113.484300002,33.0015,0.0,0.0,0.0,79374.75,1574035200,623.0016428265002,45.465,0.0,4699235.625,44188937.7986,23605554.085750006
47,2019,48,58039938.02249994,158555.25,11,0.0,0.0,0.0,0.0,0.0,0.0,0.0,0.9323023255813995,99698.59543269231,1010247.0,1.5000255368182722,0.0,0.0,294.27745095,19174115.14662,23.079,0.0,0.0,0.0,86076.90000000001,1574640000,571.5074298717002,41.548500000000004,0.0,4854832.5,38736642.607103236,21585316.270112913
48,2019,49,56847955.961999975,155033.55000000002,12,0.0,0.0,0.0,0.0,0.0,0.0,0.0,0.8986046511627948,99698.59543269231,1054704.0,1.5000255368182722,0.0,0.0,0.0,0.0,0.0,0.0,0.0,0.0,83465.55,1575244800,478.55142038864994,35.3325,0.0,8629057.5,30115294.705887098,9463889.376290325
49,2019,50,59259533.47649997,162123.15,12,0.0,0.0,0.0,0.0,0.0,0.0,0.0,0.8986046511627948,99698.59543269231,1071567.0,1.5000255368182722,0.0,0.0,0.0,0.0,0.0,0.0,0.0,0.0,82931.1,1575849600,488.733921711,35.353500000000004,0.0,5720505.0,30974229.332854845,9463889.376290325
50,2019,51,59420224.54199998,162762.6,12,0.0,0.0,0.0,0.0,0.0,0.0,0.0,0.8986046511627948,99698.59543269231,1063902.0,1.5000255368182722,0.0,0.0,0.0,0.0,0.0,0.0,0.0,0.0,84189.0,1576454400,663.9439432626002,51.2715,0.0,6863863.125,29426525.224306457,9463889.376290325
51,2019,52,61476697.71600004,166535.25,12,0.0,0.0,0.0,0.0,0.0,0.0,0.0,0.8986046511627948,99698.59543269231,973455.0,1.5000255368182722,0.0,0.0,0.0,0.0,0.0,0.0,0.0,0.0,77974.05,1577059200,232.44876091500004,15.582,0.0,8396836.875,29311933.20096775,12167857.769516129
52,2020,1,57254697.6855,154925.4,12,0.0,0.0,0.0,0.0,0.0,0.0,0.0,0.9210697674418645,83633.23301886795,585606.0,1.5036471576632804,0.0,0.0,0.0,0.0,0.0,1057612.5,0.0,0.0,68143.95,1577664000,857.3997883815,64.36500000000001,0.0,5100342.45,27980728.45213419,9030274.07540323
53,2020,2,57384154.33800002,155940.75,1,0.0,0.0,0.0,0.0,0.0,0.0,0.0,0.9210697674418645,83633.23301886795,697515.0,1.5036471576632804,0.0,0.0,0.0,0.0,0.0,844452.0,0.0,0.0,80293.5,1578268800,1084.6768178547,80.1675,0.0,2371705.0035,36764600.10184604,12642383.705564521
54,2020,3,61161744.50399996,167085.45,1,0.0,0.0,0.0,0.0,0.0,0.0,0.0,0.9210697674418645,83633.23301886795,909069.0,1.5036471576632804,0.0,0.0,374.2286882775,14819163.103161294,29.925,1235682.0,0.0,0.0,89598.6,1578873600,994.4654366734501,77.57400000000001,0.0,2150064.0,35847582.42568545,12642383.705564521
55,2020,4,68402146.92150006,187254.9,1,0.0,0.0,0.0,0.0,0.0,0.0,0.0,0.9210697674418645,83633.23301886795,1077699.0,1.5036471576632804,0.0,0.0,367.34024566049993,17289023.620354842,28.098000000000003,538272.0,0.0,0.0,94542.0,1579478400,1067.1113222878503,81.5325,0.0,2541882.0,39038400.92313242,12642383.705564521
56,2020,5,78930010.71900006,214536.0,1,533280434.76855,357119029.90049994,131122625.41350001,19644473.037,886424.7000000001,461401.5,25565.4,0.9210697674418645,83633.23301886795,1307649.0,1.5036471576632804,0.0,0.0,389.8471969098,12359580.9001218,30.2505,0.0,0.0,0.0,102331.95,1580083200,673.2943742710501,51.2295,0.0,5183829.0,33965076.945229724,12067650.988506678
57,2020,6,81963276.49650009,222696.6,2,533280434.76855,357119029.90049994,131122625.41350001,19644473.037,886424.7000000001,461401.5,25565.4,0.9098372093023297,83633.23301886795,1477812.0,1.5194734733511774,0.0,0.0,392.86359386400005,21647253.624982756,31.521,0.0,0.0,0.0,104743.8,1580688000,602.0555432325,44.415000000000006,0.0,5962110.0,41660557.97617242,10630819.19586207
58,2020,7,79901998.04999995,217080.15000000002,2,533280434.76855,357119029.90049994,131122625.41350001,19644473.037,886424.7000000001,461401.5,25565.4,0.9098372093023297,83633.23301886795,1448685.0,1.5194734733511774,0.0,0.0,390.62607374699996,21647253.624982756,30.7755,63000.0,0.0,0.0,99680.7,1581292800,691.8126949125001,50.305499999999995,0.0,6251514.7734375,39379081.856851295,10630819.19586207
59,2020,8,72766669.6365,196481.25,2,533280434.76855,357119029.90049994,131122625.41350001,19644473.037,886424.7000000001,461401.5,25565.4,0.9098372093023297,83633.23301886795,1293852.0,1.5194734733511774,0.0,0.0,361.37816436434997,21647253.624982756,28.9065,136426.5,0.0,0.0,97282.5,1581897600,605.28969389385,42.5145,0.0,3513510.0,36641077.083413795,10630819.19586207
60,2020,9,71263465.3815,190207.5,2,593627919.684975,398455017.555,143904116.52750003,23000789.427000005,979659.4500000001,504816.9,29911.350000000002,0.9098372093023297,83633.23301886795,1203405.0,1.5194734733511774,0.0,0.0,273.350820603,20062562.266236376,21.535500000000003,42000.0,0.0,0.0,92367.45,1582502400,664.16473479615,46.840500000000006,0.0,5094264.65625,37718163.46385123,11075380.803745829
61,2020,10,75321799.6125,199185.0,3,593627919.684975,398455017.555,143904116.52750003,23000789.427000005,979659.4500000001,504816.9,29911.350000000002,0.8873720930232599,83633.23301886795,1203405.0,1.5165898361899877,0.0,0.0,228.06313893300006,21108828.227516133,18.238500000000002,0.0,0.0,0.0,88318.65000000001,1583107200,460.44028042005004,30.345000000000002,0.0,3318844.375,36603685.59230645,13742750.451048387
62,2020,11,98297408.16000003,254967.30000000002,3,593627919.684975,398455017.555,143904116.52750003,23000789.427000005,979659.4500000001,504816.9,29911.350000000002,0.8873720930232599,83633.23301886795,1178877.0,1.5165898361899877,0.0,0.0,416.106174813,21108828.227516133,30.723000000000003,0.0,0.0,0.0,103843.95000000001,1583712000,610.45077635955,41.8425,0.0,4278176.875,39826332.40430645,13742750.451048387
63,2020,12,226890875.66249993,580588.05,3,593627919.684975,398455017.555,143904116.52750003,23000789.427000005,979659.4500000001,504816.9,29911.350000000002,0.8873720930232599,83633.23301886795,1326045.0,1.5165898361899877,0.0,0.0,0.0,0.0,0.0,0.0,0.0,0.0,180161.1,1584316800,602.9784952243501,44.205000000000005,0.0,4620595.0,34807768.123822585,13742750.451048387
64,2020,13,201249378.28800017,490829.85000000003,3,593627919.684975,398455017.555,143904116.52750003,23000789.427000005,979659.4500000001,504816.9,29911.350000000002,0.8873720930232599,83633.23301886795,1131354.0,1.5165898361899877,0.0,0.0,0.0,0.0,0.0,0.0,0.0,0.0,175999.95,1584921600,246.82620667319995,16.422,0.0,2956244.375,25621712.05613608,13742750.451048387
65,2020,14,138975870.8100001,325400.25,3,1209154943.4693751,792793966.6710001,289490292.7875,69291877.179,1824810.75,974304.4500000001,82013.40000000001,0.8873720930232599,83633.23301886795,910602.0,1.5165898361899877,0.0,0.0,304.6897410900001,15560192.538145158,23.730000000000004,0.0,0.0,0.0,144938.85,1585526400,648.8281111000503,45.74850000000001,0.0,1049409.375,22747136.76839571,7355295.341088711
66,2020,15,70866965.77800006,157614.45,4,1209154943.4693751,792793966.6710001,289490292.7875,69291877.179,1824810.75,974304.4500000001,82013.40000000001,0.86490697674419,83633.23301886795,622398.0,1.691296865649839,0.0,0.0,0.0,0.0,0.0,0.0,0.0,0.0,93548.7,1586131200,551.3476002804,38.2935,0.0,851694.375,39638853.11016986,16216749.958500016
67,2020,16,64014914.49149997,140031.15,4,1209154943.4693751,792793966.6710001,289490292.7875,69291877.179,1824810.75,974304.4500000001,82013.40000000001,0.86490697674419,83633.23301886795,492093.0,1.691296865649839,0.0,0.0,0.0,0.0,0.0,0.0,0.0,0.0,79823.1,1586736000,637.4233855762499,47.008500000000005,0.0,824040.0,40079328.7452984,9910236.085750008
68,2020,17,55895978.36549997,121865.1,4,1209154943.4693751,792793966.6710001,289490292.7875,69291877.179,1824810.75,974304.4500000001,82013.40000000001,0.86490697674419,83633.23301886795,421575.0,1.691296865649839,0.0,0.0,0.0,0.0,0.0,0.0,0.0,0.0,74447.1,1587340800,223.4792242515,15.729000000000001,0.0,1540691.25,15016558.941999998,0.0
69,2020,18,48865520.70750002,106506.75,4,589392531.8379002,405888761.355,130415930.49450003,25021528.948500004,799905.75,393209.25,27096.300000000003,0.86490697674419,83633.23301886795,343392.0,1.691296865649839,0.0,0.0,0.0,0.0,0.0,0.0,0.0,0.0,62872.950000000004,1587945600,226.61870294174997,16.044,0.0,2057901.5625,7936352.076596774,0.0
70,2020,19,43487360.44799996,96208.35,5,589392531.8379002,405888761.355,130415930.49450003,25021528.948500004,799905.75,393209.25,27096.300000000003,0.8424418604651202,83633.23301886795,309666.0,1.6403694445165422,0.0,0.0,0.0,0.0,0.0,0.0,0.0,0.0,56788.200000000004,1588550400,323.75944081950007,26.376,0.0,887824.21875,19817715.17165323,0.0
71,2020,20,44920284.96900002,100535.40000000001,5,589392531.8379002,405888761.355,130415930.49450003,25021528.948500004,799905.75,393209.25,27096.300000000003,0.8424418604651202,83633.23301886795,318864.0,1.6403694445165422,0.0,0.0,0.0,0.0,0.0,0.0,0.0,0.0,53589.9,1589155200,0.0,0.0,0.0,2035323.28125,2035323.28125,0.0
72,2020,21,41168689.38,93943.5,5,589392531.8379002,405888761.355,130415930.49450003,25021528.948500004,799905.75,393209.25,27096.300000000003,0.8424418604651202,83633.23301886795,324996.0,1.6403694445165422,0.0,0.0,0.0,0.0,0.0,0.0,0.0,0.0,52811.850000000006,1589760000,0.0,0.0,0.0,1712008.59375,1712008.59375,0.0
73,2020,22,39530685.159,91381.5,5,355400531.014725,237549417.21,81691096.9455,19236182.049,478070.25,253401.75,20732.25,0.8424418604651202,83633.23301886795,326529.0,1.6403694445165422,0.0,0.0,0.0,0.0,0.0,0.0,0.0,0.0,50784.3,1590364800,0.0,0.0,0.0,1131502.96875,1131502.96875,0.0
74,2020,23,41300083.77599999,96276.6,6,355400531.014725,237549417.21,81691096.9455,19236182.049,478070.25,253401.75,20732.25,0.9098372093023297,83633.23301886795,314265.0,1.5632232000100457,0.0,0.0,0.0,0.0,0.0,85785.0,0.0,0.0,49282.8,1590969600,0.0,0.0,0.0,32307.1875,32307.1875,0.0
75,2020,24,40686995.20199998,96254.55,6,355400531.014725,237549417.21,81691096.9455,19236182.049,478070.25,253401.75,20732.25,0.9098372093023297,83633.23301886795,291270.0,1.5632232000100457,0.0,0.0,0.0,0.0,0.0,81585.0,0.0,0.0,48827.1,1591574400,0.0,0.0,0.0,50025.9375,50025.9375,0.0
76,2020,25,46959103.96800003,111830.25,6,355400531.014725,237549417.21,81691096.9455,19236182.049,478070.25,253401.75,20732.25,0.9098372093023297,83633.23301886795,314265.0,1.5632232000100457,0.0,0.0,364.826811825,25958507.059800003,28.938,83685.0,0.0,0.0,54930.75,1592179200,0.0,0.0,0.0,36015.0,36015.0,0.0
77,2020,26,46371647.217000015,111829.20000000001,6,355400531.014725,237549417.21,81691096.9455,19236182.049,478070.25,253401.75,20732.25,0.9098372093023297,83633.23301886795,291270.0,1.5632232000100457,0.0,0.0,366.27523747500015,13230748.143696776,28.8645,165270.0,0.0,0.0,52645.950000000004,1592784000,0.0,0.0,0.0,81460.3125,81460.3125,0.0
78,2020,27,50521875.463500015,122432.1,6,377073398.58615,249753521.787,90658661.22600001,18705339.449999996,527884.35,291155.55,21015.75,0.9098372093023297,83633.23301886795,294336.0,1.5632232000100457,0.0,0.0,349.498711338,10320088.694051607,29.137500000000003,184170.0,0.0,0.0,51822.75,1593388800,0.0,0.0,0.0,0.0,0.0,0.0
79,2020,28,54222658.91699995,132298.95,7,377073398.58615,249753521.787,90658661.22600001,18705339.449999996,527884.35,291155.55,21015.75,0.876139534883725,83633.23301886795,314265.0,1.5181606732266475,0.0,0.0,329.86952334,7847849.926451616,27.678,184170.0,0.0,0.0,65530.5,1593993600,0.0,0.0,0.0,0.0,0.0,0.0
80,2020,29,59078673.549,144137.7,7,377073398.58615,249753521.787,90658661.22600001,18705339.449999996,527884.35,291155.55,21015.75,0.876139534883725,83633.23301886795,306600.0,1.5181606732266475,0.0,0.0,0.0,0.0,0.0,265755.0,0.0,0.0,55402.200000000004,1594598400,0.0,0.0,0.0,0.0,0.0,0.0
81,2020,30,61883635.84199998,151608.45,7,377073398.58615,249753521.787,90658661.22600001,18705339.449999996,527884.35,291155.55,21015.75,0.876139534883725,83633.23301886795,344925.0,1.5181606732266475,0.0,0.0,0.0,0.0,0.0,307755.0,0.0,0.0,59274.600000000006,1595203200,0.0,0.0,0.0,0.0,0.0,0.0
82,2020,31,63343715.03249999,154519.05000000002,7,489183551.20530003,324814281.64500004,119360210.95949998,21714603.7815,718239.9,396392.85000000003,24605.7,0.876139534883725,83633.23301886795,367920.0,1.5181606732266475,0.0,0.0,0.0,0.0,0.0,109585.00140000001,0.0,0.0,60623.850000000006,1595808000,0.0,0.0,0.0,4725.0,4725.0,0.0
83,2020,32,65328102.776999995,159549.6,8,489183551.20530003,324814281.64500004,119360210.95949998,21714603.7815,718239.9,396392.85000000003,24605.7,0.9210697674418645,83633.23301886795,398580.0,1.558788724540323,0.0,0.0,0.0,0.0,0.0,30100.0014,0.0,0.0,66356.85,1596412800,0.0,0.0,0.0,0.0,0.0,0.0
84,2020,33,66320351.01299998,163913.4,8,489183551.20530003,324814281.64500004,119360210.95949998,21714603.7815,718239.9,396392.85000000003,24605.7,0.9210697674418645,83633.23301886795,413910.0,1.558788724540323,0.0,0.0,0.0,0.0,0.0,2100.0,0.0,0.0,64357.65,1597017600,0.0,0.0,0.0,114994.6875,114994.6875,0.0
85,2020,34,64145695.54050002,157558.80000000002,8,489183551.20530003,324814281.64500004,119360210.95949998,21714603.7815,718239.9,396392.85000000003,24605.7,0.9210697674418645,83633.23301886795,421575.0,1.558788724540323,0.0,0.0,0.0,0.0,0.0,12250.000350000002,0.0,0.0,67676.7,1597622400,424.0301713095,31.941000000000003,0.0,76663.125,17404160.32035484,0.0
86,2020,35,63084780.591000035,154366.80000000002,8,489183551.20530003,324814281.64500004,119360210.95949998,21714603.7815,718239.9,396392.85000000003,24605.7,0.9210697674418645,83633.23301886795,482895.0,1.558788724540323,0.0,0.0,0.0,0.0,0.0,0.0,0.0,0.0,64882.65,1598227200,444.95733165449997,33.694500000000005,0.0,76663.125,15238223.17093549,0.0
87,2020,36,66603010.099500015,162731.1,8,549916688.6813251,368721977.148,130832573.6445,24175628.904000003,821778.3,435829.80000000005,27904.800000000003,0.9210697674418645,83633.23301886795,544215.0,1.558788724540323,0.0,0.0,0.0,0.0,0.0,0.0,0.0,0.0,63580.65,1598832000,440.2081486572,32.382000000000005,0.0,293706.0,10906692.08430968,0.0
88,2020,37,85448437.50450003,208326.30000000002,9,549916688.6813251,368721977.148,130832573.6445,24175628.904000003,821778.3,435829.80000000005,27904.800000000003,0.9772325581395394,83633.23301886795,826287.0,1.5904934807356912,0.0,0.0,413.18059992299993,56930899.49820001,32.9805,101981.25,0.0,0.0,81830.7,1599436800,392.3901906120001,27.909000000000002,0.0,379033.59375,16335897.686150001,0.0
89,2020,38,88821157.45650007,217615.65000000002,9,549916688.6813251,368721977.148,130832573.6445,24175628.904000003,821778.3,435829.80000000005,27904.800000000003,0.9772325581395394,83633.23301886795,1005648.0,1.5904934807356912,0.0,0.0,379.2848524500001,30655099.729799997,31.983,203962.5,0.0,0.0,86597.7,1600041600,352.09982079300005,20.895000000000003,0.0,305943.75,24418535.1949,3915960.0934999967
90,2020,39,80837558.27699994,197342.25,9,549916688.6813251,368721977.148,130832573.6445,24175628.904000003,821778.3,435829.80000000005,27904.800000000003,0.9772325581395394,83633.23301886795,997983.0,1.5904934807356912,0.0,0.0,433.505682603,30655099.729799997,34.734,298856.25,0.0,0.0,85177.05,1600646400,303.76725395625,20.506500000000003,0.0,971381.25,9697395.731799997,4217187.792999997
91,2020,40,78521191.25549997,192026.1,9,633575325.8205001,453839331.6555001,149018706.858,29165176.256999996,1020351.15,497646.45,34113.450000000004,0.9772325581395394,83633.23301886795,1031709.0,1.5904934807356912,0.0,0.0,372.24480707399994,26045288.980200004,30.607499999999998,478603.125,0.0,0.0,82653.90000000001,1601251200,464.18434221348,32.0985,0.0,749700.0,21815690.30649355,5687475.132048386
92,2020,41,80200773.34500007,199193.4,10,633575325.8205001,453839331.6555001,149018706.858,29165176.256999996,1020351.15,497646.45,34113.450000000004,0.9772325581395394,83633.23301886795,1074633.0,1.5815139825977682,0.0,0.0,383.913452685,22587930.918,30.712500000000002,223444.921875,0.0,0.0,87335.85,1601856000,580.9935221705999,41.83200000000001,0.0,640795.3125,35913813.10365484,16194585.18096774
93,2020,42,80944227.58799997,203429.1,10,633575325.8205001,453839331.6555001,149018706.858,29165176.256999996,1020351.15,497646.45,34113.450000000004,0.9772325581395394,83633.23301886795,1151283.0,1.5815139825977682,0.0,0.0,77.86001772149999,22587930.918,5.407500000000001,223650.0,0.0,0.0,86259.6,1602460800,546.3348639525002,38.514,0.0,1895126.953125,36840850.005970165,16194585.18096774
94,2020,43,79969792.62300003,199954.65,10,633575325.8205001,453839331.6555001,149018706.858,29165176.256999996,1020351.15,497646.45,34113.450000000004,0.9772325581395394,83633.23301886795,1214136.0,1.5815139825977682,0.0,0.0,82.05874393500002,22587930.918,4.7459999999999996,1275192.1875,0.0,0.0,88415.25,1603065600,564.5297165350498,38.965500000000006,0.0,1639853.90625,42301563.03060484,16194585.18096774
95,2020,44,78071204.00099997,192920.7,10,685146986.37,495192154.149,154955116.69050002,33307165.9305,1126090.35,526134.0,40325.25,0.9772325581395394,83633.23301886795,1211070.0,1.5815139825977682,0.0,0.0,432.69019009650003,22271740.2243,34.7025,909619.921875,0.0,0.0,102501.0,1603670400,372.78564261015015,25.011,0.0,2502289.453125,29724052.737157255,16048121.896258064
96,2020,45,72185533.86450008,175562.1,11,685146986.37,495192154.149,154955116.69050002,33307165.9305,1126090.35,526134.0,40325.25,0.9660000000000044,83633.23301886795,1077699.0,1.5660265895457686,0.0,0.0,250.54086988349997,20374596.062100008,20.8425,2037820.3125,0.0,0.0,87067.05,1604275200,828.4832920266001,62.4015,0.0,1902075.0,63022027.95837745,15169342.187999997
97,2020,46,73167772.54500006,178346.7,11,685146986.37,495192154.149,154955116.69050002,33307165.9305,1126090.35,526134.0,40325.25,0.9660000000000044,83633.23301886795,1140552.0,1.5660265895457686,0.0,0.0,346.1878395780001,20374596.062100008,27.594,2122164.84375,0.0,0.0,87946.95,1604880000,979.91780292945,75.7155,0.0,2317054.6875,56177038.88625161,15169342.187999997
98,2020,47,69699995.75700003,169965.6,11,685146986.37,495192154.149,154955116.69050002,33307165.9305,1126090.35,526134.0,40325.25,0.9660000000000044,83633.23301886795,1139019.0,1.5660265895457686,0.0,0.0,410.8205829840002,20374596.062100008,33.1905,1933099.21875,0.0,0.0,87934.35,1605484800,1066.0251555355499,78.5925,0.0,3658544.53125,66367812.19845,15169342.187999997
99,2020,48,69247106.33399999,171106.95,11,685146986.37,495192154.149,154955116.69050002,33307165.9305,1126090.35,526134.0,40325.25,0.9660000000000044,83633.23301886795,1197273.0,1.5660265895457686,0.0,0.0,410.98510532100005,20374596.062100008,32.161500000000004,1655915.625,0.0,0.0,89487.3,1606089600,1007.54575030095,73.626,0.0,3945309.375,57128363.16825806,15169342.187999997
100,2020,49,71747962.40849994,175732.2,11,620186227.6806,426755098.9065,132459147.47100002,31439303.794499997,952048.65,447970.95,38026.8,0.9660000000000044,83633.23301886795,1243263.0,1.5660265895457686,0.0,0.0,289.3515382169999,19094240.380848385,22.480500000000003,2875548.046875,0.0,0.0,88120.2,1606694400,1102.78757942955,74.7285,1361588.5161290322,4412739.84375,52346770.537566125,14619332.143838704
101,2020,50,73402972.09350003,181215.30000000002,12,620186227.6806,426755098.9065,132459147.47100002,31439303.794499997,952048.65,447970.95,38026.8,0.9660000000000044,83633.23301886795,1272390.0,1.5521605430174563,0.0,0.0,312.25361585775,13693801.677387092,24.801000000000002,2124871.875,0.0,0.0,88621.05,1607299200,739.2203978407499,50.337,1588519.9354838708,3444648.046875,48063043.939439505,14527663.803145155
102,2020,51,72976408.72200003,181129.2,12,620186227.6806,426755098.9065,132459147.47100002,31439303.794499997,952048.65,447970.95,38026.8,0.9660000000000044,83633.23301886795,1234065.0,1.5521605430174563,0.0,0.0,312.69918505874983,8714237.431064516,25.357499999999998,2107875.0,0.0,0.0,86625.0,1607904000,414.6232009332,30.366,1588519.9354838708,2764912.5,49462239.68056449,14527663.803145155
103,2020,52,72105885.08550005,175919.1,12,620186227.6806,426755098.9065,132459147.47100002,31439303.794499997,952048.65,447970.95,38026.8,0.9660000000000044,83633.23301886795,1148217.0,1.5521605430174563,0.0,0.0,0.0,0.0,0.0,0.0,0.0,0.0,75398.40000000001,1608508800,491.2277509230001,36.729,1588519.9354838708,3275721.09375,45979207.721153215,14527663.803145155
104,2020,53,61088503.182,148090.95,12,641737761.290325,443962336.10400003,136475973.77400002,30740510.398500003,998256.0,463166.55000000005,37264.5,0.9660000000000044,83633.23301886795,787962.0,1.5521605430174563,0.0,0.0,0.0,0.0,0.0,0.0,0.0,0.0,0.0,1609113600,433.3959042420001,28.6965,907725.6774193549,2208002.34375,27282082.281943537,8301522.173225803
105,2021,1,56998403.311499976,138731.25,1,641737761.290325,443962336.10400003,136475973.77400002,30740510.398500003,998256.0,463166.55000000005,37264.5,0.9660000000000001,81288.01658653845,607068.0,1.53550700244667,0.012510638297872342,1.05,0.0,0.0,0.0,0.0,0.0,0.0,60516.75,1609718400,1184.92499354775,68.88,0.0,1509375.0,28778421.661500007,5003800.80967742
106,2021,2,59936642.681999974,148378.65,1,641737761.290325,443962336.10400003,136475973.77400002,30740510.398500003,998256.0,463166.55000000005,37264.5,0.9660000000000001,81288.01658653845,964257.0,1.53550700244667,0.012510638297872342,1.05,860.1350741550001,7297016.643000001,42.7245,0.0,0.0,0.0,72156.0,1610323200,1125.8356896128998,86.226,0.0,1926445.5,37357491.60070561,8884475.622580647
107,2021,3,57145179.29400002,144837.0,1,641737761.290325,443962336.10400003,136475973.77400002,30740510.398500003,998256.0,463166.55000000005,37264.5,0.9660000000000001,81288.01658653845,910602.0,1.53550700244667,0.012510638297872342,1.05,234.85274636250006,10215823.300200004,16.296,0.0,0.0,0.0,73126.2,1610928000,1009.2366147759001,73.4475,0.0,1122408.0,36310314.77445194,8884475.622580647
108,2021,4,60296779.997999966,152523.0,1,450495625.25100005,322182630.5145,102386778.35399999,24808487.182500005,734485.5,352734.9,30508.800000000003,0.9660000000000001,81288.01658653845,950460.0,1.53550700244667,0.012510638297872342,1.05,220.41114460050002,10215823.300200004,16.978500000000004,0.0,0.0,0.0,64492.05,1611532800,623.4437585606998,42.9555,0.0,1527949.5,26316141.160794076,8884475.622580647
109,2021,5,64511841.114,163301.25,2,450495625.25100005,322182630.5145,102386778.35399999,24808487.182500005,734485.5,352734.9,30508.800000000003,0.987,81288.01658653845,1017912.0,1.5420359599016198,0.013739361702127658,1.05,355.22322430350005,10215823.300200004,27.51,78151.5,0.0,0.0,68220.6,1612137600,892.7471774865,63.6195,0.0,1906478.4375,39001330.66988486,6829585.265322582
110,2021,6,67512198.13799997,171135.30000000002,2,450495625.25100005,322182630.5145,102386778.35399999,24808487.182500005,734485.5,352734.9,30508.800000000003,0.987,81288.01658653845,1079232.0,1.5420359599016198,0.013739361702127658,1.05,202.04579076150003,11946536.437717246,15.0045,746160.1875,0.0,0.0,74993.1,1612742400,990.1876114840502,74.3085,0.0,2711181.375,48380509.20582748,7502912.0927419355
111,2021,7,67977752.934,172653.6,2,450495625.25100005,322182630.5145,102386778.35399999,24808487.182500005,734485.5,352734.9,30508.800000000003,0.987,81288.01658653845,1068501.0,1.5420359599016198,0.013739361702127658,1.05,151.513967556,16273319.281510351,10.626,893786.90625,0.0,0.0,76009.5,1613347200,843.97710364485,61.45649999999999,0.0,3230575.81875,47994227.52577938,7502912.0927419355
112,2021,8,58153414.31549997,147677.25,2,463169373.7125,332485565.60099995,103637625.60900001,25881320.902500004,769710.9,363031.2,32119.5,0.987,81288.01658653845,895272.0,1.5420359599016198,0.013739361702127658,1.05,204.3655146015,32546638.563020743,16.1385,643367.8125,0.0,0.0,75892.95,1613952000,868.93131606855,65.709,0.0,5337850.21875,49390020.25077443,7502912.0927419355
113,2021,9,59969794.16400004,152830.65,3,463169373.7125,332485565.60099995,103637625.60900001,25881320.902500004,769710.9,363031.2,32119.5,0.987,81288.01658653845,947394.0,1.53550700244667,0.014409574468085107,1.05,0.0,0.0,0.0,748873.125,0.0,0.0,71572.2,1614556800,567.2648622091499,41.685,0.0,3743604.375,37593860.8707009,7480966.754032258
114,2021,10,60548225.34599993,155054.55000000002,3,463169373.7125,332485565.60099995,103637625.60900001,25881320.902500004,769710.9,363031.2,32119.5,0.987,81288.01658653845,933597.0,1.53550700244667,0.014409574468085107,1.05,303.6216344384999,26392659.48660336,24.57,879204.375,0.0,0.0,67824.75,1615161600,605.2993435376999,42.0105,0.0,3645403.125,44061912.2469749,8542128.922983872
115,2021,11,64018626.47250005,165355.05000000002,3,463169373.7125,332485565.60099995,103637625.60900001,25881320.902500004,769710.9,363031.2,32119.5,0.987,81288.01658653845,978054.0,1.53550700244667,0.014409574468085107,1.05,212.20896575550006,21777175.17929033,16.2015,1148529.375,0.0,0.0,70861.35,1615766400,550.9474149312,39.816,0.0,3954877.5,34542252.5283387,8542128.922983872
116,2021,12,59787065.02649999,153926.85,3,463169373.7125,332485565.60099995,103637625.60900001,25881320.902500004,769710.9,363031.2,32119.5,0.987,81288.01658653845,912135.0,1.53550700244667,0.014409574468085107,1.05,210.36123945899996,13999612.61525807,15.7815,939697.5,0.0,0.0,77184.45,1616371200,311.0275411488,21.0105,0.0,5230144.5,22617721.32866129,8542128.922983872
117,2021,13,58333563.85499997,149830.80000000002,3,470368507.6230001,337264206.426,104951955.57000002,26953137.476999998,788785.2000000001,377504.4,32918.55,0.987,81288.01658653845,867678.0,1.53550700244667,0.014409574468085107,1.05,0.0,0.0,0.0,2265768.75,0.0,0.0,73745.7,1616976000,9.419932788,0.672,0.0,4304973.75,15916667.743041936,8542128.922983872
118,2021,14,60687087.278999984,155186.85,4,470368507.6230001,337264206.426,104951955.57000002,26953137.476999998,788785.2000000001,377504.4,32918.55,0.9974999999999999,81288.01658653845,850815.0,1.5152760705471948,0.014632978723404258,1.05,0.0,0.0,0.0,1484161.875,0.0,0.0,72739.8,1617580800,3.56749785,0.168,0.0,3257323.125,7068909.806564517,3660912.395564517
119,2021,15,63857690.41050002,164227.35,4,470368507.6230001,337264206.426,104951955.57000002,26953137.476999998,788785.2000000001,377504.4,32918.55,0.9974999999999999,81288.01658653845,844683.0,1.5152760705471948,0.014632978723404258,1.05,0.0,0.0,0.0,1949123.7486,0.0,0.0,70468.65000000001,1618185600,0.0,0.0,0.0,2494235.625,2494235.625,0.0
120,2021,16,62996347.22849997,161104.65,4,470368507.6230001,337264206.426,104951955.57000002,26953137.476999998,788785.2000000001,377504.4,32918.55,0.9974999999999999,81288.01658653845,855414.0,1.5152760705471948,0.014632978723404258,1.05,0.0,0.0,0.0,1127857.5,0.0,0.0,64565.55,1618790400,0.0,0.0,0.0,2736076.875,2736076.875,0.0
121,2021,17,61531934.56200007,156738.75,4,473721158.677725,323684368.81200004,101822549.262,25656090.1905,754431.3,363454.35000000003,30499.350000000002,0.9974999999999999,81288.01658653845,768033.0,1.5152760705471948,0.014632978723404258,1.05,0.0,0.0,0.0,968554.9985999999,0.0,0.0,69050.1,1619395200,0.0,0.0,0.0,2095852.5,2095852.5,0.0
122,2021,18,55703944.03350004,141517.95,5,473721158.677725,323684368.81200004,101822549.262,25656090.1905,754431.3,363454.35000000003,30499.350000000002,0.9765000000000001,81288.01658653845,505890.0,1.4851580361448335,0.015191489361702129,1.05,0.0,0.0,0.0,470295.0,0.0,0.0,65944.2,1620000000,0.0,0.0,0.0,418425.0,418425.0,0.0
123,2021,19,52058192.423999995,132262.2,5,473721158.677725,323684368.81200004,101822549.262,25656090.1905,754431.3,363454.35000000003,30499.350000000002,0.9765000000000001,81288.01658653845,656124.0,1.4851580361448335,0.015191489361702129,1.05,0.0,0.0,0.0,585480.0,0.0,0.0,68206.95,1620604800,0.0,0.0,0.0,346027.5,346027.5,0.0
124,2021,20,53818142.67899997,137073.30000000002,5,473721158.677725,323684368.81200004,101822549.262,25656090.1905,754431.3,363454.35000000003,30499.350000000002,0.9765000000000001,81288.01658653845,561078.0,1.4851580361448335,0.015191489361702129,1.05,0.0,0.0,0.0,524580.0,0.0,0.0,63334.950000000004,1621209600,0.0,0.0,0.0,200576.25,200576.25,0.0
125,2021,21,55423335.292499974,141614.55000000002,5,473721158.677725,323684368.81200004,101822549.262,25656090.1905,754431.3,363454.35000000003,30499.350000000002,0.9765000000000001,81288.01658653845,551880.0,1.4851580361448335,0.015191489361702129,1.05,0.0,0.0,0.0,472920.0,0.0,0.0,59215.8,1621814400,0.0,0.0,0.0,171045.0,171045.0,0.0
126,2021,22,58694105.92499999,150481.80000000002,5,423290938.639275,285283972.0395,94459737.75000001,23390517.486,659646.75,334663.35000000003,27164.550000000003,0.9765000000000001,81288.01658653845,571809.0,1.4851580361448335,0.015191489361702129,1.05,0.0,0.0,0.0,598801.875,0.0,0.0,59094.0,1622419200,0.0,0.0,0.0,435356.25,435356.25,0.0
127,2021,23,62881820.12699997,159845.7,6,423290938.639275,285283972.0395,94459737.75000001,23390517.486,659646.75,334663.35000000003,27164.550000000003,0.987,81288.01658653845,570276.0,1.4851580361448335,0.01597340425531915,1.05,0.0,0.0,0.0,445830.0,0.0,0.0,63595.350000000006,1623024000,0.0,0.0,0.0,84393.75,84393.75,0.0
128,2021,24,64412433.34049999,162661.80000000002,6,423290938.639275,285283972.0395,94459737.75000001,23390517.486,659646.75,334663.35000000003,27164.550000000003,0.987,81288.01658653845,639261.0,1.4851580361448335,0.01597340425531915,1.05,0.0,0.0,0.0,480676.875,0.0,0.0,67081.35,1623628800,0.0,0.0,0.0,246225.0,246225.0,0.0
129,2021,25,65520146.9475,165267.9,6,423290938.639275,285283972.0395,94459737.75000001,23390517.486,659646.75,334663.35000000003,27164.550000000003,0.987,81288.01658653845,674520.0,1.4851580361448335,0.01597340425531915,1.05,0.0,0.0,0.0,528307.5,0.0,0.0,67730.25,1624233600,0.0,0.0,0.0,712306.875,712306.875,0.0
130,2021,26,72049924.317,181709.85,6,494371356.99525005,333077094.0525,110492061.8655,27260707.887000002,767965.8,388911.60000000003,31232.25,0.987,81288.01658653845,720510.0,1.4851580361448335,0.01597340425531915,1.05,0.0,0.0,0.0,957862.5,0.0,0.0,68775.0,1624838400,0.0,0.0,0.0,595875.0,595875.0,0.0
131,2021,27,74969852.0865,188492.85,7,494371356.99525005,333077094.0525,110492061.8655,27260707.887000002,767965.8,388911.60000000003,31232.25,0.987,81288.01658653845,720510.0,1.4851580361448335,0.016531914893617022,1.05,0.0,0.0,0.0,362313.0,0.0,0.0,84635.25,1625443200,0.0,0.0,0.0,1130843.7,1130843.7,0.0
132,2021,28,74592817.12049998,187018.65,7,494371356.99525005,333077094.0525,110492061.8655,27260707.887000002,767965.8,388911.60000000003,31232.25,0.987,81288.01658653845,659190.0,1.4851580361448335,0.016531914893617022,1.05,0.0,0.0,0.0,371290.5,0.0,0.0,77883.75,1626048000,0.0,0.0,0.0,1420807.5,1420807.5,0.0
133,2021,29,73346375.20349997,183025.5,7,494371356.99525005,333077094.0525,110492061.8655,27260707.887000002,767965.8,388911.60000000003,31232.25,0.987,81288.01658653845,659190.0,1.4851580361448335,0.016531914893617022,1.05,0.0,0.0,0.0,811176.1875,0.0,0.0,75426.75,1626652800,0.0,0.0,0.0,3027118.5,3027118.5,0.0
134,2021,30,71555221.51050003,178857.0,7,588888611.0052751,405490247.4000001,128153367.2265,27202681.569000002,917700.0,447943.65,30146.550000000003,0.987,81288.01658653845,659190.0,1.4851580361448335,0.016531914893617022,1.05,0.0,0.0,0.0,581080.5,0.0,0.0,74953.2,1627257600,0.0,0.0,0.0,3668253.75,3668253.75,0.0
135,2021,31,72650167.20150001,181414.80000000002,8,588888611.0052751,405490247.4000001,128153367.2265,27202681.569000002,917700.0,447943.65,30146.550000000003,0.987,81288.01658653845,659190.0,1.4859843092286495,0.017537234042553192,1.05,0.0,0.0,0.0,515296.6875,0.0,0.0,75233.55,1627862400,102.39717835200001,6.5205,0.0,448768.6875,959796.4008387097,262781.84032258065
136,2021,32,74063864.88900001,183016.05000000002,8,588888611.0052751,405490247.4000001,128153367.2265,27202681.569000002,917700.0,447943.65,30146.550000000003,0.987,81288.01658653845,659190.0,1.4859843092286495,0.017537234042553192,1.05,0.0,0.0,0.0,681427.6875,0.0,0.0,74622.45,1628467200,176.17197621555,9.3765,0.0,1130302.6875,7408534.697177419,1839472.8822580643
137,2021,33,72599031.2774999,180191.55000000002,8,588888611.0052751,405490247.4000001,128153367.2265,27202681.569000002,917700.0,447943.65,30146.550000000003,0.987,81288.01658653845,659190.0,1.4859843092286495,0.017537234042553192,1.05,0.0,0.0,0.0,395104.5,0.0,0.0,74788.35,1629072000,357.1030571115,10.3845,0.0,720751.5,7384846.083435487,1839472.8822580643
138,2021,34,71857585.51649998,178744.65,8,588888611.0052751,405490247.4000001,128153367.2265,27202681.569000002,917700.0,447943.65,30146.550000000003,0.987,81288.01658653845,659190.0,1.4859843092286495,0.017537234042553192,1.05,0.0,0.0,0.0,605178.0,0.0,0.0,75196.8,1629676800,216.57530560785005,23.457,0.0,3621618.0,9899850.00967742,1839472.8822580643
139,2021,35,76621071.35550004,189646.80000000002,8,567421670.313225,385037403.15599996,129067264.54650001,26296923.071999997,862833.3,441847.35000000003,28833.0,0.987,81288.01658653845,718977.0,1.4859843092286495,0.017537234042553192,1.05,134.20465932300002,7051179.70090258,8.4525,323745.1875,0.0,0.0,77293.65000000001,1630281600,366.4772431372499,16.464000000000002,0.0,991872.0,7270104.009677419,1839472.8822580643
140,2021,36,97227805.04850003,240073.05000000002,9,567421670.313225,385037403.15599996,129067264.54650001,26296923.071999997,862833.3,441847.35000000003,28833.0,0.9974999999999999,81288.01658653845,976521.0,1.5336349814978985,0.021893617021276603,1.05,71.90469734700001,4867272.25471742,3.8850000000000002,190575.0,0.0,0.0,79634.1,1630886400,563.9622688224001,39.102000000000004,15331.3125,2829323.4375,22520791.959693547,2725821.3556451616
141,2021,37,108541464.67500001,268688.7,9,567421670.313225,385037403.15599996,129067264.54650001,26296923.071999997,862833.3,441847.35000000003,28833.0,0.9974999999999999,81288.01658653845,1299984.0,1.5336349814978985,0.021893617021276603,1.05,0.0,0.0,0.0,190575.0,0.0,0.0,87501.75,1631491200,730.1653347502502,45.024,21463.8375,3521683.59375,28578446.72095,3080360.745
142,2021,38,96392829.267,237400.80000000002,9,567421670.313225,385037403.15599996,129067264.54650001,26296923.071999997,862833.3,441847.35000000003,28833.0,0.9974999999999999,81288.01658653845,1421091.0,1.5336349814978985,0.021893617021276603,1.05,0.0,0.0,0.0,190575.0,0.0,0.0,102609.15000000001,1632096000,514.43989722615,47.292,21463.8375,2880018.75,32191655.344449997,3080360.745
143,2021,39,89978996.59349993,220007.55000000002,9,719572343.8113002,499102468.81949997,152352688.78200004,33851836.5045,1123680.6,517503.0,37689.75,0.9974999999999999,81288.01658653845,1414959.0,1.5336349814978985,0.021893617021276603,1.05,0.0,0.0,0.0,650852.34375,0.0,0.0,99091.65000000001,1632700800,426.89832849929996,20.128500000000003,21463.8375,3822754.6875,31731672.235809676,3080360.745
144,2021,40,92260896.23099998,223570.2,10,719572343.8113002,499102468.81949997,152352688.78200004,33851836.5045,1123680.6,517503.0,37689.75,0.9974999999999999,81288.01658653845,1419558.0,1.5467269457340194,0.0258031914893617,1.05,0.0,0.0,0.0,978452.34375,0.0,0.0,93608.55,1633305600,736.07755378395,58.065000000000005,21573.045967741935,1968471.09375,63744059.07910645,4818290.9944354845
145,2021,41,94810056.14850007,229034.40000000002,10,719572343.8113002,499102468.81949997,152352688.78200004,33851836.5045,1123680.6,517503.0,37689.75,0.9974999999999999,81288.01658653845,1454817.0,1.5467269457340194,0.0258031914893617,1.05,0.0,0.0,0.0,1139233.59375,0.0,0.0,94048.5,1633910400,682.8074840495999,48.6675,21718.65725806452,2195238.28125,51866417.47585969,7135531.327016129
146,2021,42,93168228.20549993,223771.80000000002,10,719572343.8113002,499102468.81949997,152352688.78200004,33851836.5045,1123680.6,517503.0,37689.75,0.9974999999999999,81288.01658653845,1459416.0,1.5467269457340194,0.0258031914893617,1.05,0.0,0.0,0.0,554793.75,0.0,0.0,95820.90000000001,1634515200,494.5543235871,31.773000000000003,21718.65725806452,2757003.28575,39896242.64137581,7135531.327016129
147,2021,43,90105355.06349999,215387.55000000002,10,699084127.1421001,489584057.4135,140569882.215,35640467.1735,1079004.1500000001,473212.95,37976.4,0.9974999999999999,81288.01658653845,1413426.0,1.5467269457340194,0.0258031914893617,1.05,186.3609890835,15593473.967779357,13.314,855274.21875,0.0,0.0,92361.15000000001,1635120000,394.74626269889995,39.0705,21718.65725806452,2289262.50105,28206416.23759355,7135531.327016129
148,2021,44,83935848.45449997,199523.1,11,699084127.1421001,489584057.4135,140569882.215,35640467.1735,1079004.1500000001,473212.95,37976.4,0.987,81288.01658653845,1043973.0,1.5336349814978985,0.02390425531914893,2.1,293.72341687499994,17044926.450381298,23.7405,843543.75,0.0,0.0,96384.75,1635724800,892.2424988190003,70.1715,21718.65725806452,3063555.46875,64418613.91013549,7135531.327016129
149,2021,45,83406792.94500002,198376.5,11,699084127.1421001,489584057.4135,140569882.215,35640467.1735,1079004.1500000001,473212.95,37976.4,0.987,81288.01658653845,1158948.0,1.5336349814978985,0.02390425531914893,2.1,290.7021436515,32884211.217019357,22.785,768337.5,0.0,0.0,96227.25,1636329600,839.0170149522,64.4595,23715.32625,3466115.625,66101280.78416936,7551518.625
150,2021,46,85915092.03899989,204132.6,11,699084127.1421001,489584057.4135,140569882.215,35640467.1735,1079004.1500000001,473212.95,37976.4,0.987,81288.01658653845,1134420.0,1.5336349814978985,0.02390425531914893,2.1,285.917084712,28536620.666400008,22.1445,997762.5,0.0,0.0,91952.7,1636934400,745.4668253203499,54.369,23715.32625,3449955.46875,69500703.66575001,7551518.625
151,2021,47,91929826.15950008,217920.15000000002,11,699084127.1421001,489584057.4135,140569882.215,35640467.1735,1079004.1500000001,473212.95,37976.4,0.987,81288.01658653845,1335243.0,1.5336349814978985,0.02390425531914893,2.1,287.0627743200001,28536620.666400008,22.753500000000003,649539.84375,0.0,0.0,88593.75,1637539200,755.1168116299499,57.435,23715.32625,3099025.78125,57764848.6604,7551518.625
152,2021,48,98041185.24900001,232701.0,11,627636049.0816501,435159437.286,127562646.07800001,35026534.809,946861.65,429456.30000000005,37651.950000000004,0.987,81288.01658653845,1600452.0,1.5336349814978985,0.02390425531914893,2.1,284.82721656900003,28536620.776650008,21.9345,2615910.9375,0.0,0.0,93132.90000000001,1638144000,871.926014642025,66.1395,23715.32625,11776291.40625,63932816.085701615,7551518.625
153,2021,49,98196552.44700003,233146.2,12,627636049.0816501,435159437.286,127562646.07800001,35026534.809,946861.65,429456.30000000005,37651.950000000004,0.9974999999999999,81288.01658653845,1684767.0,1.540378516570147,0.02479787234042553,3.1500000000000004,273.38912481299997,28605726.391725004,21.1575,1067685.9375,0.0,0.0,98085.75,1638748800,971.1125842015499,74.4135,14070.470806451614,8482490.625,66729220.882393554,5990884.149193549
154,2021,50,96350145.30750003,228722.55000000002,12,627636049.0816501,435159437.286,127562646.07800001,35026534.809,946861.65,429456.30000000005,37651.950000000004,0.9974999999999999,81288.01658653845,1669437.0,1.540378516570147,0.02479787234042553,3.1500000000000004,0.0,0.0,0.0,837506.25,0.0,0.0,97989.15000000001,1639353600,868.94054017365,65.037,10212.52862903226,8750339.0625,50323678.09858064,5366630.358870968
155,2021,51,88675045.38899998,209231.40000000002,12,627636049.0816501,435159437.286,127562646.07800001,35026534.809,946861.65,429456.30000000005,37651.950000000004,0.9974999999999999,81288.01658653845,1476279.0,1.540378516570147,0.02479787234042553,3.1500000000000004,0.0,0.0,0.0,416685.9375,0.0,0.0,96248.25,1639958400,593.3306753892001,44.289,10212.52862903226,9708201.5625,38080352.169435486,5366630.358870968
156,2021,52,78732304.31850007,184662.45,12,681487629.5209501,476935662.4620001,136473760.605,35626414.572000004,1032823.05,456858.15,37687.65,0.9974999999999999,81288.01658653845,1034775.0,1.540378516570147,0.02479787234042553,3.1500000000000004,0.0,0.0,0.0,0.0,0.0,0.0,86483.25,1640563200,3.58289589,0.0,17507.191935483872,4975556.25,10859620.850806452,5366630.358870968
157,2022,1,70273723.29599999,164676.75,1,681487629.5209501,476935662.4620001,136473760.605,35626414.572000004,1032823.05,456858.15,37687.65,0.987,66324.0375,648459.0,1.5429305671374847,0.03339893617021276,5.25,0.0,0.0,0.0,425502.0,0.0,0.0,70474.95,1641168000,763.1633228541,42.56700000000001,0.0,2205756.0,33409685.705854844,3982947.8443548386
158,2022,2,78186377.08350003,183137.85,1,681487629.5209501,476935662.4620001,136473760.605,35626414.572000004,1032823.05,456858.15,37687.65,0.987,66324.0375,1112958.0,1.5429305671374847,0.03339893617021276,5.25,0.0,0.0,0.0,995379.0,0.0,0.0,78690.15000000001,1641772800,1140.46507128435,84.8295,0.0,1999158.0,37307182.656822585,116387.0129032258
159,2022,3,102005703.74399993,236716.2,1,681487629.5209501,476935662.4620001,136473760.605,35626414.572000004,1032823.05,456858.15,37687.65,0.987,66324.0375,1606584.0,1.5429305671374847,0.03339893617021276,5.25,0.0,0.0,0.0,626829.0,0.0,0.0,81883.2,1642377600,1073.61955209915,77.73150000000001,0.0,2269596.0,33695305.977629036,116387.0129032258
160,2022,4,139193227.383,323596.35000000003,1,681487629.5209501,476935662.4620001,136473760.605,35626414.572000004,1032823.05,456858.15,37687.65,0.987,66324.0375,2747136.0,1.5429305671374847,0.03339893617021276,5.25,0.0,0.0,0.0,495852.0,0.0,0.0,103579.35,1642982400,1135.9554686423999,88.6725,0.0,1074108.0,26633172.089274198,116387.0129032258
161,2022,5,141925126.24499995,331027.2,1,724435572.45465,508228470.69750005,138654351.80099997,43055817.9345,1091697.6,459926.25,45129.0,0.987,66324.0375,3099726.0,1.5429305671374847,0.03339893617021276,5.25,81.49885065000001,5590317.898931561,6.4995,1311523.92,0.0,0.0,148519.35,1643587200,993.4150355666249,75.999,13712.062500000004,2645097.84,32063019.473516133,1132444.7473790324
162,2022,6,116423484.135,271234.95,2,724435572.45465,508228470.69750005,138654351.80099997,43055817.9345,1091697.6,459926.25,45129.0,0.9974999999999999,66324.0375,2477328.0,1.5429305671374847,0.03663829787234041,5.25,156.22496505,12055540.65891043,10.006499999999999,990395.91,0.0,0.0,165214.35,1644192000,944.4636474724498,72.56550000000001,15997.406250000002,3619210.14,44391975.753846765,1301787.703125
163,2022,7,95846396.01599997,222598.95,2,724435572.45465,508228470.69750005,138654351.80099997,43055817.9345,1091697.6,459926.25,45129.0,0.9974999999999999,66324.0375,1919316.0,1.5429305671374847,0.03663829787234041,5.25,327.913656,23923192.82965802,17.3775,685586.16,0.0,0.0,142708.65,1644796800,420.88689631589995,30.219,15997.406250000002,3378683.07,27928782.952875003,1301787.703125
164,2022,8,73596841.521,169166.55000000002,2,724435572.45465,508228470.69750005,138654351.80099997,43055817.9345,1091697.6,459926.25,45129.0,0.9974999999999999,66324.0375,1257060.0,1.5429305671374847,0.03663829787234041,5.25,0.0,0.0,0.0,631012.41,0.0,0.0,114188.55,1645401600,515.5573427864999,33.673500000000004,15997.406250000002,4428933.390000001,35425040.66753226,1301787.703125
165,2022,9,82918186.54350011,178046.4,2,699683840.804025,487273918.194,141317251.9395,37774392.537,1031011.8,460127.85000000003,39145.05,0.9974999999999999,66324.0375,1039374.0,1.5429305671374847,0.03663829787234041,5.25,0.0,0.0,0.0,333857.16000000003,0.0,0.0,83553.75,1646006400,557.011109953515,37.1805,11160.214717741936,2498710.41,32750185.15186693,940554.0009072582
166,2022,10,71569975.86899996,148288.35,3,699683840.804025,487273918.194,141317251.9395,37774392.537,1031011.8,460127.85000000003,39145.05,0.987,66324.0375,743505.0,1.5923278046008287,0.03418085106382977,8.4,0.0,0.0,0.0,3675.0,0.0,0.0,71324.40000000001,1646611200,771.5938893174749,60.165,10354.01612903226,997631.25,40318323.03832258,880348.3838709679
167,2022,11,70423680.94649991,143862.6,3,699683840.804025,487273918.194,141317251.9395,37774392.537,1031011.8,460127.85000000003,39145.05,0.987,66324.0375,815556.0,1.5923278046008287,0.03418085106382977,8.4,0.0,0.0,0.0,190312.5,0.0,0.0,67709.25,1647216000,299.43589473,22.837500000000002,10354.01612903226,106312.5,19221964.784975797,880348.3838709679
168,2022,12,62847448.77599998,125899.20000000001,3,699683840.804025,487273918.194,141317251.9395,37774392.537,1031011.8,460127.85000000003,39145.05,0.987,66324.0375,757302.0,1.5923278046008287,0.03418085106382977,8.4,0.0,0.0,0.0,520800.0,0.0,0.0,69466.95,1647820800,409.300992177,29.778,10354.01612903226,106312.5,15441679.486427413,880348.3838709679
169,2022,13,57607428.0495,114815.40000000001,3,511458262.170975,335709127.656,101451386.4105,49942592.763000004,617953.35,297046.05,41386.8,0.987,66324.0375,720510.0,1.5923278046008287,0.03418085106382977,8.4,0.0,0.0,0.0,184012.5,0.0,0.0,69612.90000000001,1648425600,31.511670540000008,2.1945,5916.580645161291,212625.0,1305216.29175,503056.2193548388
170,2022,14,56084138.92200001,111995.1,4,511458262.170975,335709127.656,101451386.4105,49942592.763000004,617953.35,297046.05,41386.8,0.9765000000000001,66324.0375,735840.0,1.568422920156061,0.03272872340425531,6.300000000000001,0.0,0.0,0.0,0.0,0.0,0.0,70621.95,1649030400,10.10001216,0.399,0.0,0.0,587152.482,0.0
171,2022,15,57133579.712999955,115425.45000000001,4,511458262.170975,335709127.656,101451386.4105,49942592.763000004,617953.35,297046.05,41386.8,0.9765000000000001,66324.0375,711312.0,1.568422920156061,0.03272872340425531,6.300000000000001,0.0,0.0,0.0,0.0,0.0,0.0,67373.25,1649635200,0.0,0.0,0.0,0.0,0.0,0.0
172,2022,16,55397432.04450004,113711.85,4,511458262.170975,335709127.656,101451386.4105,49942592.763000004,617953.35,297046.05,41386.8,0.9765000000000001,66324.0375,732774.0,1.568422920156061,0.03272872340425531,6.300000000000001,0.0,0.0,0.0,94500.0,0.0,0.0,65479.05,1650240000,0.0,0.0,0.0,0.0,0.0,0.0
173,2022,17,57982365.021,120237.6,4,425980753.3674,278103270.921,96986529.03449999,30606155.6325,486952.2,273643.65,23947.350000000002,0.9765000000000001,66324.0375,683718.0,1.568422920156061,0.03272872340425531,6.300000000000001,0.0,0.0,0.0,39375.0,0.0,0.0,65252.25,1650844800,0.0,0.0,0.0,0.0,0.0,0.0
174,2022,18,54232472.71049997,112841.40000000001,5,425980753.3674,278103270.921,96986529.03449999,30606155.6325,486952.2,273643.65,23947.350000000002,0.9765000000000001,66324.0375,541149.0,1.547804010372933,0.03462765957446807,7.3500000000000005,0.0,0.0,0.0,39375.0,0.0,0.0,65752.05,1651449600,0.0,0.0,0.0,0.0,0.0,0.0
175,2022,19,49915748.883000016,104614.65000000001,5,425980753.3674,278103270.921,96986529.03449999,30606155.6325,486952.2,273643.65,23947.350000000002,0.9765000000000001,66324.0375,539616.0,1.547804010372933,0.03462765957446807,7.3500000000000005,0.0,0.0,0.0,91875.0,0.0,0.0,63106.05,1652054400,0.0,0.0,0.0,0.0,0.0,0.0
176,2022,20,53650493.85150005,112912.8,5,425980753.3674,278103270.921,96986529.03449999,30606155.6325,486952.2,273643.65,23947.350000000002,0.9765000000000001,66324.0375,590205.0,1.547804010372933,0.03462765957446807,7.3500000000000005,0.0,0.0,0.0,106312.5,0.0,0.0,62458.200000000004,1652659200,0.0,0.0,0.0,0.0,0.0,0.0
177,2022,21,53380502.93099998,112836.15000000001,5,425980753.3674,278103270.921,96986529.03449999,30606155.6325,486952.2,273643.65,23947.350000000002,0.9765000000000001,66324.0375,581007.0,1.547804010372933,0.03462765957446807,7.3500000000000005,0.0,0.0,0.0,126000.0,0.0,0.0,63721.350000000006,1653264000,0.0,0.0,0.0,0.0,0.0,0.0
178,2022,22,54885757.05899998,114885.75,5,414103827.96877503,270176182.0485,95513661.852,28694754.165000003,480309.9,270907.35000000003,21138.600000000002,0.9765000000000001,66324.0375,551880.0,1.547804010372933,0.03462765957446807,7.3500000000000005,0.0,0.0,0.0,252000.0,0.0,0.0,66178.35,1653868800,0.0,0.0,0.0,21000.0,21000.0,0.0
179,2022,23,57714475.23450003,119508.90000000001,6,414103827.96877503,270176182.0485,95513661.852,28694754.165000003,480309.9,270907.35000000003,21138.600000000002,0.9765000000000001,66324.0375,496692.0,1.5551149249685048,0.034739361702127644,8.4,0.0,0.0,0.0,0.0,0.0,0.0,62278.65,1654473600,0.0,0.0,0.0,0.0,0.0,0.0
180,2022,24,55773694.12650002,114793.35,6,414103827.96877503,270176182.0485,95513661.852,28694754.165000003,480309.9,270907.35000000003,21138.600000000002,0.9765000000000001,66324.0375,450702.0,1.5551149249685048,0.034739361702127644,8.4,0.0,0.0,0.0,0.0,0.0,0.0,62113.8,1655078400,0.0,0.0,0.0,0.0,0.0,0.0
181,2022,25,54604545.90150002,112176.75,6,414103827.96877503,270176182.0485,95513661.852,28694754.165000003,480309.9,270907.35000000003,21138.600000000002,0.9765000000000001,66324.0375,441504.0,1.5551149249685048,0.034739361702127644,8.4,0.0,0.0,0.0,0.0,0.0,0.0,62393.100000000006,1655683200,0.0,0.0,0.0,0.0,0.0,0.0
182,2022,26,55424249.80050002,114314.55,6,416273479.4484,268337233.35300002,99810542.6745,28303156.780500002,495537.0,288900.15,23399.25,0.9765000000000001,66324.0375,429240.0,1.5551149249685048,0.034739361702127644,8.4,0.0,0.0,0.0,0.0,0.0,0.0,62451.9,1656288000,0.0,0.0,0.0,0.0,0.0,0.0
183,2022,27,58408496.06549996,120662.85,7,416273479.4484,268337233.35300002,99810542.6745,28303156.780500002,495537.0,288900.15,23399.25,0.9765000000000001,66324.0375,413910.0,1.547804010372933,0.03596808510638297,8.4,0.0,0.0,0.0,0.0,0.0,0.0,60744.600000000006,1656892800,0.0,0.0,0.0,0.0,0.0,0.0
184,2022,28,61972070.25450007,127378.65000000001,7,416273479.4484,268337233.35300002,99810542.6745,28303156.780500002,495537.0,288900.15,23399.25,0.9765000000000001,66324.0375,383250.0,1.547804010372933,0.03596808510638297,8.4,0.0,0.0,0.0,0.0,0.0,0.0,60782.4,1657497600,0.0,0.0,0.0,0.0,0.0,0.0
185,2022,29,62775938.13749998,128668.05,7,416273479.4484,268337233.35300002,99810542.6745,28303156.780500002,495537.0,288900.15,23399.25,0.9765000000000001,66324.0375,429240.0,1.547804010372933,0.03596808510638297,8.4,0.0,0.0,0.0,2835.0,0.0,0.0,64787.100000000006,1658102400,0.0,0.0,0.0,0.0,0.0,0.0
186,2022,30,63968812.35149996,130097.1,7,468820959.03090006,293927231.2095,122933512.86300002,29635407.3855,539525.7000000001,340217.85000000003,23830.8,0.9765000000000001,66324.0375,475230.0,1.547804010372933,0.03596808510638297,8.4,0.0,0.0,0.0,0.0,0.0,0.0,64373.4,1658707200,0.0,0.0,0.0,0.0,0.0,0.0
187,2022,31,72066350.12849997,145008.15,8,468820959.03090006,293927231.2095,122933512.86300002,29635407.3855,539525.7000000001,340217.85000000003,23830.8,0.9974999999999999,66324.0375,567210.0,1.5985701884881542,0.04412234042553188,10.5,0.0,0.0,0.0,95681.25,0.0,0.0,68109.3,1659312000,0.0,0.0,0.0,0.0,0.0,0.0
188,2022,32,79182697.84950002,158686.5,8,468820959.03090006,293927231.2095,122933512.86300002,29635407.3855,539525.7000000001,340217.85000000003,23830.8,0.9974999999999999,66324.0375,659190.0,1.5985701884881542,0.04412234042553188,10.5,0.0,0.0,0.0,191929.5,0.0,0.0,68180.7,1659916800,0.0,0.0,0.0,0.0,0.0,0.0
189,2022,33,83783394.47100009,167259.75,8,468820959.03090006,293927231.2095,122933512.86300002,29635407.3855,539525.7000000001,340217.85000000003,23830.8,0.9974999999999999,66324.0375,766500.0,1.5985701884881542,0.04412234042553188,10.5,0.0,0.0,0.0,382725.0,0.0,0.0,75225.15000000001,1660521600,70.12757787000001,4.6095,0.0,11875.5,1293711.72,0.0
190,2022,34,82662475.36050005,164733.45,8,468820959.03090006,293927231.2095,122933512.86300002,29635407.3855,539525.7000000001,340217.85000000003,23830.8,0.9974999999999999,66324.0375,873810.0,1.5985701884881542,0.04412234042553188,10.5,0.0,0.0,0.0,191362.5,0.0,0.0,80234.7,1661126400,264.59895524999996,18.69,0.0,392868.0,9563556.12975,0.0
191,2022,35,83010502.52250008,165344.55000000002,8,626542444.415475,411593573.958,149860878.85649997,35252637.105,739916.1,407348.55,27772.5,0.9974999999999999,66324.0375,965790.0,1.5985701884881542,0.04412234042553188,10.5,0.0,0.0,0.0,1746753.75,0.0,0.0,84112.35,1661731200,217.39659014850005,16.180500000000002,351776.25,598374.0,8839301.40975,299.25
192,2022,36,94609693.69950008,187848.15,9,626542444.415475,411593573.958,149860878.85649997,35252637.105,739916.1,407348.55,27772.5,0.9974999999999999,66324.0375,1103760.0,1.6516685718498163,0.055069148936170195,10.5,0.0,0.0,0.0,2058517.125,0.0,0.0,80695.65000000001,1662336000,0.0,0.0,615608.4375,2311501.5,2927633.625,523.6875
193,2022,37,104887544.96849993,207673.2,9,626542444.415475,411593573.958,149860878.85649997,35252637.105,739916.1,407348.55,27772.5,0.9974999999999999,66324.0375,1434888.0,1.6516685718498163,0.055069148936170195,10.5,0.0,0.0,0.0,2395488.375,0.0,0.0,87951.15000000001,1662940800,300.863486595,21.147,615608.4375,3598336.875,19128254.9955,523.6875
194,2022,38,93895884.73649997,184833.6,9,626542444.415475,411593573.958,149860878.85649997,35252637.105,739916.1,407348.55,27772.5,0.9974999999999999,66324.0375,1413426.0,1.6516685718498163,0.055069148936170195,10.5,0.0,0.0,0.0,2808335.25,0.0,0.0,99768.90000000001,1663545600,472.2536726985,34.5765,615608.4375,5181419.25,37302983.571,523.6875
195,2022,39,81329113.7085,159231.45,9,707825055.2798249,484531120.5735,151200754.1415,38387225.5515,871831.8,410088.0,30943.5,0.9974999999999999,66324.0375,1253994.0,1.6516685718498163,0.055069148936170195,10.5,0.0,0.0,0.0,2292609.375,0.0,0.0,88463.55,1664150400,270.20056413,21.525000000000002,901992.1947580645,7854060.375,32000728.01506452,915638.722983871
196,2022,40,77930130.32699996,151691.4,10,707825055.2798249,484531120.5735,151200754.1415,38387225.5515,871831.8,410088.0,30943.5,0.987,66324.0375,1122156.0,1.6667649391846968,0.05004255319148935,10.5,0.0,0.0,0.0,2820651.75,0.0,0.0,77742.0,1664755200,430.99176448125013,30.103500000000004,1617951.5879032258,3832581.375,31720703.20379029,3203426.311693548
197,2022,41,77564348.2845,150907.05000000002,10,707825055.2798249,484531120.5735,151200754.1415,38387225.5515,871831.8,410088.0,30943.5,0.987,66324.0375,1045506.0,1.6667649391846968,0.05004255319148935,10.5,0.0,0.0,0.0,3679207.875,0.0,0.0,77883.75,1665360000,528.3352585077,37.6635,1617951.5879032258,3678375.75,40261577.93429029,3203426.311693548
198,2022,42,74886275.98199995,145184.55000000002,10,707825055.2798249,484531120.5735,151200754.1415,38387225.5515,871831.8,410088.0,30943.5,0.987,66324.0375,1028643.0,1.6667649391846968,0.05004255319148935,10.5,0.0,0.0,0.0,1621273.5,0.0,0.0,76217.40000000001,1665964800,168.77281136100004,10.8045,1617951.5879032258,3577722.75,17094181.005096775,3203426.311693548
199,2022,43,72200323.95450002,139868.4,10,707825055.2798249,484531120.5735,151200754.1415,38387225.5515,871831.8,410088.0,30943.5,0.987,66324.0375,1004115.0,1.6667649391846968,0.05004255319148935,10.5,0.0,0.0,0.0,1523946.375,0.0,0.0,78343.65000000001,1666569600,509.2891439685,35.2905,1617951.5879032258,5176274.25,32071377.245419357,3203426.311693548
200,2022,44,68150900.8215,131787.6,10,578371600.9118251,390004126.176,125541861.4485,35284108.48200001,691320.0,339888.15,28521.15,0.987,66324.0375,883008.0,1.6667649391846968,0.05004255319148935,10.5,0.0,0.0,0.0,2790703.125,0.0,0.0,78460.2,1667174400,720.5315780061001,55.3245,1203362.9661290324,3270505.875,44073013.95033871,2213882.2277419358
201,2022,45,70299968.48699997,136273.2,11,578371600.9118251,390004126.176,125541861.4485,35284108.48200001,691320.0,339888.15,28521.15,0.987,66324.0375,1093029.0,1.6616655070581132,0.05640957446808509,11.55,0.0,0.0,0.0,1415247.75,0.0,0.0,80729.25,1667779200,1075.71852958605,76.3665,1134264.8624999998,6575275.875,62580081.73549999,2048958.21375
202,2022,46,74976005.93700002,144489.45,11,578371600.9118251,390004126.176,125541861.4485,35284108.48200001,691320.0,339888.15,28521.15,0.987,66324.0375,1192674.0,1.6616655070581132,0.05640957446808509,11.55,0.0,0.0,0.0,836718.75,0.0,0.0,77639.1,1668384000,863.1724754310001,62.1075,1134264.8624999998,9837993.375,68917756.131875,2048958.21375
203,2022,47,78590458.69500001,151100.25,11,578371600.9118251,390004126.176,125541861.4485,35284108.48200001,691320.0,339888.15,28521.15,0.987,66324.0375,1476279.0,1.6616655070581132,0.05640957446808509,11.55,0.0,0.0,0.0,1534341.375,0.0,0.0,82615.05,1668988800,553.4615666999999,39.721500000000006,1134264.8624999998,11463627.0,52845211.40674999,2048958.21375
204,2022,48,86835501.86850007,166604.55000000002,11,547957934.0408251,367774067.808,118896801.14549999,35193830.133,643701.4500000001,321878.55,28212.45,0.987,66324.0375,1821204.0,1.6616655070581132,0.05640957446808509,11.55,0.0,0.0,0.0,14407627.5,0.0,0.0,85018.5,1669593600,481.51349512140007,38.167500000000004,486113.51249999995,11357311.875,41460366.19682662,878124.94875
205,2022,49,96678449.89950006,184315.95,12,547957934.0408251,367774067.808,118896801.14549999,35193830.133,643701.4500000001,321878.55,28212.45,0.9974999999999999,66324.0375,2201388.0,1.648528045499055,0.06735638297872339,13.65,0.0,0.0,0.0,12185404.875,0.0,0.0,92444.1,1670198400,720.67127961675,53.42400000000001,0.0,7678455.75,34649817.97979032,0.0
206,2022,50,100467831.14550011,191493.75,12,547957934.0408251,367774067.808,118896801.14549999,35193830.133,643701.4500000001,321878.55,28212.45,0.9974999999999999,66324.0375,2472729.0,1.648528045499055,0.06735638297872339,13.65,0.0,0.0,0.0,10423342.125,0.0,0.0,103704.3,1670803200,773.6185079175,59.8815,0.0,7829293.5,34800655.72979033,0.0
207,2022,51,92793108.63899998,176155.35,12,547957934.0408251,367774067.808,118896801.14549999,35193830.133,643701.4500000001,321878.55,28212.45,0.9974999999999999,66324.0375,2256576.0,1.648528045499055,0.06735638297872339,13.65,0.0,0.0,0.0,10312304.625,0.0,0.0,105635.25,1671408000,256.39953204179994,19.845,0.0,1664042.625,22672676.451532256,0.0
208,2022,52,81086239.75200008,152737.2,12,706006964.931975,490178397.828,141261005.95949998,40948181.861999996,856664.55,378660.45,32512.2,0.9974999999999999,66324.0375,1638777.0,1.648528045499055,0.06735638297872339,13.65,0.0,0.0,0.0,243298.125,0.0,0.0,96836.25,1672012800,24.069302103000002,0.7035000000000001,0.0,1469671.875,8281092.7669354845,0.0
209,2023,1,66715043.66099999,125039.25,1,706006964.931975,490178397.828,141261005.95949998,40948181.861999996,856664.55,378660.45,32512.2,0.9974999999999999,64408.584220331904,812490.0,1.6410482937146424,0.06724468085106383,14.700000000000001,0.0,0.0,0.0,0.0,0.0,0.0,71812.65000000001,1672617600,464.63322169950004,31.174500000000002,0.0,0.0,27539987.6471443,0.0
210,2023,2,66466902.568500035,124496.40000000001,1,706006964.931975,490178397.828,141261005.95949998,40948181.861999996,856664.55,378660.45,32512.2,0.9974999999999999,64408.584220331904,1181943.0,1.6410482937146424,0.06724468085106383,14.700000000000001,0.0,0.0,0.0,0.0,0.0,0.0,71428.35,1673222400,665.4638851875001,46.851,0.0,2504029.5,36094523.43098437,0.0
211,2023,3,64718868.30149998,121296.0,1,706006964.931975,490178397.828,141261005.95949998,40948181.861999996,856664.55,378660.45,32512.2,0.9974999999999999,64408.584220331904,1108359.0,1.6410482937146424,0.06724468085106383,14.700000000000001,0.0,0.0,0.0,0.0,0.0,0.0,71376.90000000001,1673827200,702.0923175248851,48.174,0.0,1880140.5,33252479.373971075,0.0
212,2023,4,67860815.13750003,127528.8,1,706006964.931975,490178397.828,141261005.95949998,40948181.861999996,856664.55,378660.45,32512.2,0.9974999999999999,64408.584220331904,1195740.0,1.6410482937146424,0.06724468085106383,14.700000000000001,0.0,0.0,0.0,0.0,0.0,0.0,70348.95,1674432000,573.430549188,39.354000000000006,0.0,1513323.0,35227691.593400255,0.0
213,2023,5,71959913.58149995,135586.5,1,497600590.64152503,332343183.879,108851670.44849999,32710470.093000006,562636.2000000001,287267.4,25618.95,0.9974999999999999,64408.584220331904,1327578.0,1.6410482937146424,0.06724468085106383,14.700000000000001,0.0,0.0,0.0,0.0,0.0,0.0,75366.90000000001,1675036800,821.52009007635,62.370000000000005,0.0,2309910.75,39803869.84516674,9840.65625
214,2023,6,73662288.21000001,138739.65,2,497600590.64152503,332343183.879,108851670.44849999,32710470.093000006,562636.2000000001,287267.4,25618.95,0.9974999999999999,64408.584220331904,1402695.0,1.6317295480829024,0.07238297872340424,14.700000000000001,0.0,0.0,0.0,0.0,0.0,0.0,81406.5,1675641600,858.509607018,61.79249999999999,0.0,3380328.0,53550455.340245545,13776.91875
215,2023,7,74399821.6815,140988.75,2,497600590.64152503,332343183.879,108851670.44849999,32710470.093000006,562636.2000000001,287267.4,25618.95,0.9974999999999999,64408.584220331904,1401162.0,1.6317295480829024,0.07238297872340424,14.700000000000001,0.0,0.0,0.0,19813.5,0.0,0.0,84825.3,1676246400,466.3216720218001,34.1775,0.0,3568068.0,43528597.69427866,13776.91875
216,2023,8,64946214.18599996,123090.45000000001,2,497600590.64152503,332343183.879,108851670.44849999,32710470.093000006,562636.2000000001,287267.4,25618.95,0.9974999999999999,64408.584220331904,1030176.0,1.6317295480829024,0.07238297872340424,14.700000000000001,0.0,0.0,0.0,32382.0,0.0,0.0,87268.65000000001,1676851200,524.6161498672501,36.0885,0.0,3027669.75,51805503.95436015,13776.91875
217,2023,9,67679517.48599991,128922.15000000001,2,473685067.39207506,308492874.648,110028445.99950004,32607314.964,524779.5,290920.35000000003,25460.4,0.9974999999999999,64408.584220331904,1247862.0,1.6317295480829024,0.07238297872340424,14.700000000000001,0.0,0.0,0.0,3356403.75,0.0,0.0,80631.6,1677456000,510.76007526705007,38.976,0.0,2163514.5,44393115.64543276,665967.697983871
218,2023,10,61114529.85749997,116784.15000000001,3,473685067.39207506,308492874.648,110028445.99950004,32607314.964,524779.5,290920.35000000003,25460.4,0.9974999999999999,64408.584220331904,985719.0,1.618618954377916,0.07204787234042552,15.75,0.0,0.0,0.0,4229410.5,0.0,0.0,79993.2,1678060800,779.2832996728499,55.7655,0.0,1956622.5,69156214.84706952,926844.0096774193
219,2023,11,65774401.96949993,126234.15000000001,3,473685067.39207506,308492874.648,110028445.99950004,32607314.964,524779.5,290920.35000000003,25460.4,0.9974999999999999,64408.584220331904,1108359.0,1.618618954377916,0.07204787234042552,15.75,0.0,0.0,0.0,214168.5,0.0,0.0,73027.5,1678665600,341.7987276438,24.15,0.0,915075.0,32055881.28914629,926844.0096774193
220,2023,12,62967041.518499926,120304.8,3,473685067.39207506,308492874.648,110028445.99950004,32607314.964,524779.5,290920.35000000003,25460.4,0.9974999999999999,64408.584220331904,1014846.0,1.618618954377916,0.07204787234042552,15.75,0.0,0.0,0.0,117274.5,0.0,0.0,76900.95,1679270400,207.84911808570004,14.049000000000001,0.0,805486.5,28330634.920188,926844.0096774193
221,2023,13,59069265.076499954,112856.1,3,461549899.129725,294192177.58349997,113425217.787,31953937.134,502469.10000000003,301224.0,25009.95,0.9974999999999999,64408.584220331904,899871.0,1.618618954377916,0.07204787234042552,15.75,0.0,0.0,0.0,3150.0,0.0,0.0,75363.75,1679875200,1.19818508355,0.0105,0.0,1131952.5,2090325.9021123296,662031.435483871
222,2023,14,60087985.17749999,114730.35,4,461549899.129725,294192177.58349997,113425217.787,31953937.134,502469.10000000003,301224.0,25009.95,0.9974999999999999,64408.584220331904,876876.0,1.6078510482895458,0.07282978723404253,15.75,0.0,0.0,0.0,151200.0,0.0,0.0,73040.1,1680480000,122.10929472,9.198,0.0,44698.5,7126077.546,0.0
223,2023,15,60166465.401,115181.85,4,461549899.129725,294192177.58349997,113425217.787,31953937.134,502469.10000000003,301224.0,25009.95,0.9974999999999999,64408.584220331904,846216.0,1.6078510482895458,0.07282978723404253,15.75,0.0,0.0,0.0,201600.0,0.0,0.0,78950.55,1681084800,124.020671775,8.473500000000001,0.0,67095.0,7148474.046,0.0
224,2023,16,61159907.43450002,117706.05,4,461549899.129725,294192177.58349997,113425217.787,31953937.134,502469.10000000003,301224.0,25009.95,0.9974999999999999,64408.584220331904,872277.0,1.6078510482895458,0.07282978723404253,15.75,0.0,0.0,0.0,120204.0,0.0,0.0,66072.3,1681689600,0.0,0.0,0.0,92326.5,402943.275,0.0
225,2023,17,59813586.34650001,115224.90000000001,4,430566352.22475004,269663533.55550003,110624436.72000004,29775222.3195,460764.15,292950.0,22934.100000000002,0.9974999999999999,64408.584220331904,803292.0,1.6078510482895458,0.07282978723404253,15.75,0.0,0.0,0.0,49990.5,0.0,0.0,67410.0,1682294400,16.50158265,0.5984999999999999,0.0,76356.0,470663.928,0.0
226,2023,18,56697885.646499984,109290.3,5,430566352.22475004,269663533.55550003,110624436.72000004,29775222.3195,460764.15,292950.0,22934.100000000002,0.9974999999999999,64408.584220331904,699048.0,1.6078510482895458,0.07093085106382975,15.75,0.0,0.0,0.0,8253.0,0.0,0.0,64799.700000000004,1682899200,0.0,0.0,0.0,0.0,64424.22,0.0
227,2023,19,52369256.49900003,100924.95,5,430566352.22475004,269663533.55550003,110624436.72000004,29775222.3195,460764.15,292950.0,22934.100000000002,0.9974999999999999,64408.584220331904,611667.0,1.6078510482895458,0.07093085106382975,15.75,0.0,0.0,0.0,67284.0,0.0,0.0,61278.0,1683504000,0.0,0.0,0.0,6142.5,70566.72,0.0
228,2023,20,56966321.81100006,110444.25,5,430566352.22475004,269663533.55550003,110624436.72000004,29775222.3195,460764.15,292950.0,22934.100000000002,0.9974999999999999,64408.584220331904,668388.0,1.6078510482895458,0.07093085106382975,15.75,0.0,0.0,0.0,38241.0,0.0,0.0,58780.05,1684108800,0.0,0.0,0.0,0.0,64424.22,0.0
229,2023,21,55115297.380499996,106993.95000000001,5,430566352.22475004,269663533.55550003,110624436.72000004,29775222.3195,460764.15,292950.0,22934.100000000002,0.9974999999999999,64408.584220331904,617799.0,1.6078510482895458,0.07093085106382975,15.75,0.0,0.0,0.0,60984.0,0.0,0.0,62668.200000000004,1684713600,0.0,0.0,0.0,787.5,65211.72,0.0
230,2023,22,56133393.64500004,108040.8,5,412149652.562025,253097889.5025,110182344.54150003,29243244.586500004,432327.0,292524.75,22624.350000000002,0.9974999999999999,64408.584220331904,565677.0,1.6078510482895458,0.07093085106382975,15.75,0.0,0.0,0.0,262269.0,0.0,0.0,63427.350000000006,1685318400,0.0,0.0,0.0,0.0,64424.22,0.0
231,2023,23,56375891.98500004,108665.55,6,412149652.562025,253097889.5025,110182344.54150003,29243244.586500004,432327.0,292524.75,22624.350000000002,0.987,64408.584220331904,481362.0,1.5611259902283006,0.0640053191489361,15.75,0.0,0.0,0.0,585648.0,0.0,0.0,66550.05,1685923200,0.0,0.0,0.0,3150.0,26158.65,0.0
232,2023,24,55015117.28999995,105935.55,6,412149652.562025,253097889.5025,110182344.54150003,29243244.586500004,432327.0,292524.75,22624.350000000002,0.987,64408.584220331904,452235.0,1.5611259902283006,0.0640053191489361,15.75,0.0,0.0,0.0,532969.5,0.0,0.0,67833.15000000001,1686528000,0.0,0.0,0.0,0.0,23008.65,0.0
233,2023,25,55617984.98549996,106935.15000000001,6,412149652.562025,253097889.5025,110182344.54150003,29243244.586500004,432327.0,292524.75,22624.350000000002,0.987,64408.584220331904,398580.0,1.5611259902283006,0.0640053191489361,15.75,0.0,0.0,0.0,262279.5,0.0,0.0,64800.75,1687132800,0.0,0.0,0.0,0.0,23008.65,0.0
234,2023,26,53426190.43649996,103658.1,6,402094314.81765,240489278.8725,113119150.116,29338537.5045,409013.85000000003,295667.4,22623.3,0.987,64408.584220331904,390915.0,1.5611259902283006,0.0640053191489361,15.75,0.0,0.0,0.0,200781.0,0.0,0.0,56956.200000000004,1687737600,0.0,0.0,0.0,0.0,23008.65,0.0
235,2023,27,56986766.30850002,110377.05,7,402094314.81765,240489278.8725,113119150.116,29338537.5045,409013.85000000003,295667.4,22623.3,0.9974999999999999,64408.584220331904,367920.0,1.5423988872692005,0.06333510638297865,15.75,0.0,0.0,0.0,100296.0,0.0,0.0,56446.950000000004,1688342400,60.78176538000001,3.3810000000000002,0.0,20317.5,1639950.1104000001,0.0
236,2023,28,56812266.356999956,110483.1,7,402094314.81765,240489278.8725,113119150.116,29338537.5045,409013.85000000003,295667.4,22623.3,0.9974999999999999,64408.584220331904,337260.0,1.5423988872692005,0.06333510638297865,15.75,0.0,0.0,0.0,107698.5,0.0,0.0,55474.65,1688947200,51.33725856,2.1945,0.0,2488.5,1622121.1104000001,0.0
237,2023,29,55397496.96599999,107381.40000000001,7,402094314.81765,240489278.8725,113119150.116,29338537.5045,409013.85000000003,295667.4,22623.3,0.9974999999999999,64408.584220331904,337260.0,1.5423988872692005,0.06333510638297865,15.75,0.0,0.0,0.0,1548114.75,0.0,0.0,57925.350000000006,1689552000,44.992296300000014,2.2260000000000004,0.0,2205.0,1621837.6104000001,0.0
238,2023,30,55903450.97399995,108471.3,7,402094314.81765,240489278.8725,113119150.116,29338537.5045,409013.85000000003,295667.4,22623.3,0.9974999999999999,64408.584220331904,352590.0,1.5423988872692005,0.06333510638297865,15.75,0.0,0.0,0.0,2625241.5,0.0,0.0,55911.450000000004,1690156800,30.764240534999995,1.1235000000000002,0.0,17041.5,1636674.1104000001,0.0
239,2023,31,56931505.06049997,110088.3,7,415482902.57407504,243689995.88849998,122713435.509,29294571.054000005,412081.95,318306.45,22667.4,0.9974999999999999,64408.584220331904,367920.0,1.5423988872692005,0.06333510638297865,15.75,0.0,0.0,0.0,3278646.0,0.0,0.0,57033.9,1690761600,32.372666140499994,0.7875000000000001,0.0,8001.0,1627633.6104000001,0.0
240,2023,32,59881512.89399997,115345.65000000001,8,415482902.57407504,243689995.88849998,122713435.509,29294571.054000005,412081.95,318306.45,22667.4,0.9974999999999999,64408.584220331904,390915.0,1.5664826645842955,0.07048404255319145,15.75,0.0,0.0,0.0,2701755.0,0.0,0.0,56645.4,1691366400,26.624656421999997,0.9450000000000001,0.0,945.0,1895251.1655000001,0.0
241,2023,33,61112178.456,117761.70000000001,8,415482902.57407504,243689995.88849998,122713435.509,29294571.054000005,412081.95,318306.45,22667.4,0.9974999999999999,64408.584220331904,398580.0,1.5664826645842955,0.07048404255319145,15.75,0.0,0.0,0.0,408240.0,0.0,0.0,59285.100000000006,1691971200,196.657494264,11.833499999999999,0.0,189000.0,2981864.6445000004,0.0
242,2023,34,61594925.027999975,118356.0,8,415482902.57407504,243689995.88849998,122713435.509,29294571.054000005,412081.95,318306.45,22667.4,0.9974999999999999,64408.584220331904,429240.0,1.5664826645842955,0.07048404255319145,15.75,0.0,0.0,0.0,309723.75,0.0,0.0,59583.3,1692576000,293.51555457,19.8975,0.0,248409.0,10073176.13941936,0.0
243,2023,35,63106681.95300005,120437.1,8,453475648.13355005,266831900.02350003,132395112.52799998,32654557.0995,450227.4,340625.25,25309.2,0.9974999999999999,64408.584220331904,459900.0,1.5664826645842955,0.07048404255319145,15.75,0.0,0.0,0.0,4082085.0,8727036.029638888,819.0,59249.4,1693180800,199.67335295249998,13.1355,0.0,49612.5,10689101.132104844,0.0
